date_key,month,region,product_category,channel,orders,units,revenue_eur,cost_eur,margin_eur,list_value_eur,on_time_orders,in_full_orders,otif_orders,returned_orders
20240101,2024-01,DACH-North,abrasives,branch,1,84,88.78,56.58,32.2,99.2,1,1,1,0
20240101,2024-01,DACH-North,abrasives,e-shop,7,729,716.66,477.77,238.89,840.17,6,7,6,0
20240101,2024-01,DACH-North,abrasives,field-sales,2,112,133.07,78.94,54.13,136.48,2,2,2,0
20240101,2024-01,DACH-North,abrasives,phone,1,40,37.56,21.45,16.11,40.12,1,1,1,0
20240101,2024-01,DACH-North,chemicals,branch,2,406,2287.35,1508.92,778.43,2751.47,1,2,1,0
20240101,2024-01,DACH-North,chemicals,e-shop,6,188,1168.39,649.79,518.6,1210.4,5,6,5,0
20240101,2024-01,DACH-North,chemicals,field-sales,7,694,4389.79,2658.87,1730.92,4814.57,7,7,7,1
20240101,2024-01,DACH-North,chemicals,phone,4,266,1642.06,987.53,654.53,1796.01,4,4,4,0
20240101,2024-01,DACH-North,fasteners,branch,4,198,158.41,101.13,57.28,173.83,4,4,4,0
20240101,2024-01,DACH-North,fasteners,e-shop,6,382,312.76,204.94,107.82,351.36,5,6,5,0
20240101,2024-01,DACH-North,fasteners,field-sales,9,483,401.58,251.3,150.28,434.86,8,7,6,0
20240101,2024-01,DACH-North,fasteners,phone,5,185,150.85,95.18,55.67,161.88,5,5,5,0
20240101,2024-01,DACH-North,hand tools,branch,1,24,567.68,402.41,165.27,590.1,1,1,1,0
20240101,2024-01,DACH-North,hand tools,e-shop,2,73,1810.98,1208.28,602.7,1912.23,2,2,2,0
20240101,2024-01,DACH-North,hand tools,field-sales,4,225,4866.53,3407.33,1459.2,5229.2,4,4,4,0
20240101,2024-01,DACH-North,power tools,branch,4,106,14608.15,10819.84,3788.31,15139.05,4,4,4,0
20240101,2024-01,DACH-North,power tools,e-shop,4,208,28138.42,20840.79,7297.63,28936.81,3,4,3,0
20240101,2024-01,DACH-North,power tools,field-sales,5,228,29843.01,23836.28,6006.73,32603.69,5,5,5,1
20240101,2024-01,DACH-North,power tools,phone,3,62,8654.16,6533.72,2120.44,9181.36,2,3,2,0
20240101,2024-01,DACH-North,ppe,branch,4,88,299.46,191.78,107.68,309.73,4,4,4,0
20240101,2024-01,DACH-North,ppe,e-shop,5,481,1674.2,1105.32,568.88,1818.4,4,5,4,0
20240101,2024-01,DACH-North,ppe,field-sales,5,586,1866.63,1345.52,521.11,2139.77,4,5,4,0
20240101,2024-01,DACH-North,ppe,phone,2,97,296.3,199.18,97.12,324.33,2,2,2,0
20240101,2024-01,DACH-South,abrasives,branch,8,272,281.58,172.29,109.29,308.03,8,8,8,0
20240101,2024-01,DACH-South,abrasives,e-shop,12,400,423.74,242.29,181.45,443.64,10,11,9,0
20240101,2024-01,DACH-South,abrasives,field-sales,11,440,460.62,273.33,187.29,491.78,10,10,9,0
20240101,2024-01,DACH-South,abrasives,phone,2,97,111.22,60.65,50.57,111.22,2,1,1,0
20240101,2024-01,DACH-South,chemicals,branch,4,249,1506.82,902.5,604.32,1696.95,3,3,2,0
20240101,2024-01,DACH-South,chemicals,e-shop,6,212,1351.74,765.42,586.32,1421.0,4,6,4,1
20240101,2024-01,DACH-South,chemicals,field-sales,8,265,1665.91,963.51,702.4,1796.84,8,8,8,1
20240101,2024-01,DACH-South,chemicals,phone,4,159,920.41,542.39,378.02,1015.44,3,4,3,0
20240101,2024-01,DACH-South,fasteners,branch,8,397,322.02,207.25,114.77,353.76,8,8,8,1
20240101,2024-01,DACH-South,fasteners,e-shop,19,740,652.02,406.69,245.33,705.38,15,19,15,1
20240101,2024-01,DACH-South,fasteners,field-sales,17,823,703.72,427.43,276.29,741.64,16,17,16,0
20240101,2024-01,DACH-South,fasteners,phone,6,324,278.1,175.38,102.72,301.73,6,6,6,1
20240101,2024-01,DACH-South,hand tools,branch,7,324,6831.29,5032.53,1798.76,7615.37,7,7,7,0
20240101,2024-01,DACH-South,hand tools,e-shop,3,53,1244.53,829.4,415.13,1304.72,2,3,2,0
20240101,2024-01,DACH-South,hand tools,field-sales,10,394,9320.96,6497.0,2823.96,9871.17,10,10,10,1
20240101,2024-01,DACH-South,hand tools,phone,1,66,1653.59,1193.53,460.06,1819.13,1,1,1,0
20240101,2024-01,DACH-South,power tools,branch,3,203,25259.51,20305.31,4954.2,28235.18,2,3,2,1
20240101,2024-01,DACH-South,power tools,e-shop,13,552,70431.46,55267.34,15164.12,77834.93,13,13,13,4
20240101,2024-01,DACH-South,power tools,field-sales,4,148,18712.37,14232.28,4480.09,20531.91,4,4,4,0
20240101,2024-01,DACH-South,power tools,phone,1,64,9545.7,7123.96,2421.74,10005.98,1,1,1,0
20240101,2024-01,DACH-South,ppe,branch,4,162,517.91,375.42,142.49,594.13,3,3,2,0
20240101,2024-01,DACH-South,ppe,e-shop,11,372,1242.7,810.41,432.29,1300.64,9,11,9,0
20240101,2024-01,DACH-South,ppe,field-sales,7,531,1676.78,1092.42,584.36,1781.38,6,7,6,0
20240101,2024-01,DACH-South,ppe,phone,2,98,316.69,208.76,107.93,327.28,2,2,2,0
20240101,2024-01,East,abrasives,branch,4,446,416.6,267.05,149.55,481.38,4,4,4,0
20240101,2024-01,East,abrasives,e-shop,2,95,100.88,62.88,38.0,110.57,2,2,2,0
20240101,2024-01,East,abrasives,field-sales,7,412,418.4,247.88,170.52,444.57,6,7,6,0
20240101,2024-01,East,abrasives,phone,1,25,28.32,17.28,11.04,30.89,1,1,1,0
20240101,2024-01,East,chemicals,branch,2,141,946.31,525.6,420.71,997.5,1,2,1,0
20240101,2024-01,East,chemicals,e-shop,9,408,2502.58,1452.13,1050.45,2673.23,9,8,8,1
20240101,2024-01,East,chemicals,field-sales,2,301,2097.77,1139.39,958.38,2158.29,2,2,2,1
20240101,2024-01,East,chemicals,phone,1,38,242.64,136.77,105.87,254.61,1,1,1,0
20240101,2024-01,East,fasteners,branch,3,596,498.07,319.03,179.04,566.73,2,3,2,0
20240101,2024-01,East,fasteners,e-shop,6,790,626.08,398.07,228.01,697.03,6,5,5,0
20240101,2024-01,East,fasteners,field-sales,4,163,129.78,81.64,48.14,141.17,3,4,3,0
20240101,2024-01,East,fasteners,phone,3,143,114.58,76.92,37.66,134.85,3,3,3,0
20240101,2024-01,East,hand tools,branch,1,32,745.43,500.2,245.23,745.43,1,1,1,0
20240101,2024-01,East,hand tools,e-shop,2,46,1078.51,772.38,306.13,1175.33,2,1,1,0
20240101,2024-01,East,hand tools,field-sales,4,149,3831.38,2549.0,1282.38,3905.57,2,4,2,0
20240101,2024-01,East,hand tools,phone,1,50,1137.01,770.22,366.79,1209.58,1,1,1,0
20240101,2024-01,East,power tools,branch,1,34,4562.67,3719.62,843.05,5355.25,1,1,1,0
20240101,2024-01,East,power tools,e-shop,3,249,33558.62,25983.43,7575.19,35963.28,3,3,3,0
20240101,2024-01,East,power tools,field-sales,1,70,8950.15,6928.66,2021.49,9592.87,1,1,1,0
20240101,2024-01,East,ppe,branch,1,93,258.43,172.8,85.63,285.24,1,1,1,0
20240101,2024-01,East,ppe,e-shop,4,325,1017.13,727.0,290.13,1145.78,3,4,3,0
20240101,2024-01,East,ppe,field-sales,5,975,3172.46,2217.16,955.3,3570.3,5,5,5,1
20240101,2024-01,East,ppe,phone,1,229,738.35,497.49,240.86,827.74,1,1,1,0
20240101,2024-01,Nordics,abrasives,branch,3,320,319.97,223.65,96.32,389.77,3,3,3,1
20240101,2024-01,Nordics,abrasives,e-shop,4,693,706.38,460.43,245.95,831.31,3,4,3,0
20240101,2024-01,Nordics,abrasives,field-sales,2,125,125.43,77.68,47.75,135.73,2,2,2,0
20240101,2024-01,Nordics,chemicals,branch,2,227,1455.83,861.57,594.26,1553.73,2,2,2,0
20240101,2024-01,Nordics,chemicals,e-shop,4,347,2180.49,1231.31,949.18,2329.13,4,4,4,0
20240101,2024-01,Nordics,chemicals,field-sales,2,52,322.76,201.34,121.42,366.29,1,2,1,0
20240101,2024-01,Nordics,chemicals,phone,1,31,186.6,107.71,78.89,203.71,0,1,0,0
20240101,2024-01,Nordics,fasteners,branch,1,45,40.4,25.36,15.04,43.07,1,1,1,0
20240101,2024-01,Nordics,fasteners,e-shop,13,1468,1231.44,805.21,426.23,1374.97,12,13,12,0
20240101,2024-01,Nordics,fasteners,field-sales,4,441,392.43,239.59,152.84,428.97,4,4,4,1
20240101,2024-01,Nordics,fasteners,phone,2,193,156.38,102.69,53.69,178.56,1,2,1,0
20240101,2024-01,Nordics,hand tools,branch,1,41,854.18,603.35,250.83,890.7,1,1,1,0
20240101,2024-01,Nordics,hand tools,e-shop,2,91,1927.05,1481.83,445.22,2255.78,2,2,2,0
20240101,2024-01,Nordics,hand tools,field-sales,4,369,7782.88,6045.81,1737.07,9258.69,4,4,4,1
20240101,2024-01,Nordics,hand tools,phone,2,189,4335.45,3165.65,1169.8,4763.01,2,2,2,0
20240101,2024-01,Nordics,power tools,branch,1,70,9325.96,7182.08,2143.88,10362.18,1,1,1,0
20240101,2024-01,Nordics,power tools,e-shop,4,287,35930.6,27620.91,8309.69,38799.69,3,4,3,0
20240101,2024-01,Nordics,power tools,field-sales,1,65,9170.14,7027.92,2142.22,10257.42,0,1,0,0
20240101,2024-01,Nordics,power tools,phone,2,67,8518.52,6377.72,2140.8,9245.79,2,1,1,0
20240101,2024-01,Nordics,ppe,branch,2,124,376.69,264.52,112.17,425.58,2,2,2,0
20240101,2024-01,Nordics,ppe,e-shop,7,504,1525.84,1069.81,456.03,1740.81,7,7,7,1
20240101,2024-01,Nordics,ppe,field-sales,1,157,440.76,323.76,117.0,522.23,1,1,1,0
20240101,2024-01,West,abrasives,branch,1,6,7.11,4.04,3.07,7.11,1,1,1,0
20240101,2024-01,West,abrasives,e-shop,6,277,307.58,177.65,129.93,313.75,6,6,6,1
20240101,2024-01,West,abrasives,field-sales,3,114,114.2,69.24,44.96,122.4,2,3,2,0
20240101,2024-01,West,chemicals,branch,4,101,679.78,380.53,299.25,696.09,4,4,4,0
20240101,2024-01,West,chemicals,e-shop,2,60,312.45,206.21,106.24,371.65,1,2,1,0
20240101,2024-01,West,chemicals,field-sales,5,231,1273.28,760.28,513.0,1402.41,5,5,5,1
20240101,2024-01,West,chemicals,phone,3,277,1687.58,1057.65,629.93,1941.7,3,3,3,0
20240101,2024-01,West,fasteners,branch,9,512,419.46,272.3,147.16,483.82,7,8,6,0
20240101,2024-01,West,fasteners,e-shop,10,901,690.46,460.07,230.39,795.56,10,9,9,0
20240101,2024-01,West,fasteners,field-sales,5,136,134.74,78.53,56.21,135.2,4,5,4,0
20240101,2024-01,West,fasteners,phone,1,223,165.34,111.97,53.37,187.68,1,1,1,0
20240101,2024-01,West,hand tools,branch,1,146,3112.77,2381.39,731.38,3732.34,1,1,1,0
20240101,2024-01,West,hand tools,e-shop,4,207,4603.8,3279.9,1323.9,4946.02,4,4,4,0
20240101,2024-01,West,hand tools,field-sales,4,160,3541.66,2509.73,1031.93,3827.12,4,4,4,0
20240101,2024-01,West,power tools,branch,2,92,13955.95,10405.39,3550.56,14001.43,2,2,2,0
20240101,2024-01,West,power tools,e-shop,4,305,34913.45,29631.21,5282.24,40916.16,3,4,3,0
20240101,2024-01,West,power tools,field-sales,1,81,11275.02,8216.95,3058.07,11956.54,1,1,1,0
20240101,2024-01,West,power tools,phone,2,466,50409.8,40830.03,9579.77,58863.13,2,2,2,0
20240101,2024-01,West,ppe,branch,5,207,724.87,449.45,275.42,740.77,5,5,5,0
20240101,2024-01,West,ppe,e-shop,6,244,784.74,534.58,250.16,863.55,6,6,6,0
20240101,2024-01,West,ppe,field-sales,11,641,1922.92,1301.75,621.17,2126.9,11,9,9,0
20240101,2024-01,West,ppe,phone,1,21,67.88,47.09,20.79,73.15,1,1,1,0
20240201,2024-02,DACH-North,abrasives,branch,4,383,399.6,248.94,150.66,456.01,4,4,4,0
20240201,2024-02,DACH-North,abrasives,e-shop,6,370,380.24,240.05,140.19,437.35,5,6,5,0
20240201,2024-02,DACH-North,abrasives,field-sales,4,686,641.51,418.84,222.67,734.92,4,4,4,0
20240201,2024-02,DACH-North,abrasives,phone,1,86,100.02,57.45,42.57,106.4,1,1,1,1
20240201,2024-02,DACH-North,chemicals,branch,5,735,4159.01,2424.63,1734.38,4533.95,5,5,5,0
20240201,2024-02,DACH-North,chemicals,e-shop,8,407,2462.01,1519.95,942.06,2844.89,6,7,5,0
20240201,2024-02,DACH-North,chemicals,field-sales,7,599,3154.91,2025.99,1128.92,3731.03,7,5,5,0
20240201,2024-02,DACH-North,chemicals,phone,2,100,599.11,377.45,221.66,687.08,1,2,1,1
20240201,2024-02,DACH-North,fasteners,branch,10,530,447.11,280.69,166.42,484.35,10,9,9,0
20240201,2024-02,DACH-North,fasteners,e-shop,24,1612,1325.55,848.11,477.44,1451.03,23,21,20,0
20240201,2024-02,DACH-North,fasteners,field-sales,10,1045,888.41,576.71,311.7,993.66,9,9,8,0
20240201,2024-02,DACH-North,hand tools,branch,3,132,2889.55,2138.28,751.27,3123.01,3,2,2,0
20240201,2024-02,DACH-North,hand tools,field-sales,4,244,5812.26,4109.67,1702.59,6149.13,4,4,4,0
20240201,2024-02,DACH-North,hand tools,phone,1,45,984.87,787.12,197.75,1229.55,1,1,1,0
20240201,2024-02,DACH-North,power tools,branch,4,103,13009.97,10173.09,2836.88,14246.88,3,4,3,1
20240201,2024-02,DACH-North,power tools,e-shop,5,607,80039.75,66911.8,13127.95,90753.63,5,5,5,1
20240201,2024-02,DACH-North,power tools,field-sales,3,690,84877.75,69355.34,15522.41,97031.96,3,3,3,1
20240201,2024-02,DACH-North,power tools,phone,1,75,9174.87,7845.62,1329.25,10509.59,1,1,1,0
20240201,2024-02,DACH-North,ppe,branch,5,417,1327.76,872.21,455.55,1437.5,5,5,5,0
20240201,2024-02,DACH-North,ppe,e-shop,4,166,517.71,333.87,183.84,534.01,4,4,4,0
20240201,2024-02,DACH-North,ppe,field-sales,5,702,2124.25,1466.17,658.08,2403.19,4,4,3,0
20240201,2024-02,DACH-South,abrasives,branch,9,380,377.0,238.49,138.51,425.99,9,9,9,0
20240201,2024-02,DACH-South,abrasives,e-shop,10,738,756.75,468.54,288.21,835.18,10,9,9,0
20240201,2024-02,DACH-South,abrasives,field-sales,12,613,642.31,383.56,258.75,687.34,11,12,11,1
20240201,2024-02,DACH-South,abrasives,phone,1,15,14.55,8.62,5.93,14.97,1,1,1,0
20240201,2024-02,DACH-South,chemicals,branch,2,204,1242.96,709.91,533.05,1268.92,2,2,2,0
20240201,2024-02,DACH-South,chemicals,e-shop,9,526,2945.1,1900.81,1044.29,3444.72,9,9,9,0
20240201,2024-02,DACH-South,chemicals,field-sales,6,215,1280.1,756.08,524.02,1369.61,5,6,5,0
20240201,2024-02,DACH-South,chemicals,phone,1,27,152.14,88.82,63.32,172.69,1,1,1,0
20240201,2024-02,DACH-South,fasteners,branch,8,517,454.64,284.3,170.34,485.92,8,6,6,0
20240201,2024-02,DACH-South,fasteners,e-shop,16,619,524.82,342.0,182.82,580.96,15,16,15,1
20240201,2024-02,DACH-South,fasteners,field-sales,19,1609,1330.11,871.02,459.09,1499.66,16,17,15,1
20240201,2024-02,DACH-South,hand tools,branch,6,324,7406.09,5350.01,2056.08,8176.36,6,6,6,1
20240201,2024-02,DACH-South,hand tools,e-shop,3,75,1818.9,1223.01,595.89,1830.3,3,3,3,0
20240201,2024-02,DACH-South,hand tools,field-sales,5,136,2775.77,2032.96,742.81,3048.51,5,5,5,0
20240201,2024-02,DACH-South,hand tools,phone,3,51,1101.91,751.07,350.84,1147.11,3,3,3,0
20240201,2024-02,DACH-South,power tools,branch,3,74,9579.76,7089.66,2490.1,10034.85,3,2,2,0
20240201,2024-02,DACH-South,power tools,e-shop,8,452,58529.44,47850.05,10679.39,64048.67,8,8,8,1
20240201,2024-02,DACH-South,power tools,field-sales,6,326,44242.02,34277.17,9964.85,46935.81,6,6,6,1
20240201,2024-02,DACH-South,power tools,phone,2,348,40152.68,34204.11,5948.57,47796.36,2,2,2,0
20240201,2024-02,DACH-South,ppe,branch,5,131,468.71,295.82,172.89,487.72,4,5,4,0
20240201,2024-02,DACH-South,ppe,e-shop,8,661,1920.33,1339.59,580.74,2158.31,6,8,6,0
20240201,2024-02,DACH-South,ppe,field-sales,7,508,1677.44,1074.94,602.5,1775.59,7,7,7,0
20240201,2024-02,DACH-South,ppe,phone,2,101,357.86,215.62,142.24,362.58,2,2,2,0
20240201,2024-02,East,abrasives,branch,1,44,43.18,28.33,14.85,49.74,1,1,1,0
20240201,2024-02,East,abrasives,e-shop,7,420,442.4,271.45,170.95,479.86,7,6,6,0
20240201,2024-02,East,abrasives,field-sales,3,210,216.61,129.47,87.14,227.32,3,2,2,0
20240201,2024-02,East,abrasives,phone,2,117,127.36,75.52,51.84,134.19,1,2,1,0
20240201,2024-02,East,chemicals,branch,2,320,1662.55,1002.88,659.67,1912.48,2,2,2,0
20240201,2024-02,East,chemicals,e-shop,6,527,3160.94,1870.08,1290.86,3558.55,6,6,6,0
20240201,2024-02,East,chemicals,field-sales,5,253,1570.68,949.76,620.92,1706.27,3,5,3,0
20240201,2024-02,East,chemicals,phone,1,36,240.41,142.59,97.82,255.21,1,1,1,0
20240201,2024-02,East,fasteners,branch,5,442,341.0,225.94,115.06,391.7,5,5,5,0
20240201,2024-02,East,fasteners,e-shop,15,1548,1266.22,846.31,419.91,1451.64,12,15,12,0
20240201,2024-02,East,fasteners,field-sales,16,1486,1173.5,777.33,396.17,1336.83,15,14,13,1
20240201,2024-02,East,fasteners,phone,3,136,106.35,72.08,34.27,123.0,2,3,2,0
20240201,2024-02,East,hand tools,branch,1,26,554.98,376.75,178.23,585.42,1,1,1,0
20240201,2024-02,East,hand tools,e-shop,2,80,1771.58,1236.86,534.72,1913.0,2,2,2,0
20240201,2024-02,East,hand tools,field-sales,3,172,3982.24,2882.86,1099.38,4348.5,3,3,3,0
20240201,2024-02,East,power tools,branch,2,112,12966.34,10220.25,2746.09,14504.15,2,2,2,0
20240201,2024-02,East,power tools,e-shop,2,108,13557.62,11064.9,2492.72,15347.64,2,2,2,0
20240201,2024-02,East,power tools,field-sales,10,757,96724.75,76695.55,20029.2,107789.34,10,9,9,0
20240201,2024-02,East,ppe,branch,4,132,445.62,284.06,161.56,459.62,3,4,3,0
20240201,2024-02,East,ppe,e-shop,8,375,1199.07,783.5,415.57,1290.24,7,8,7,0
20240201,2024-02,East,ppe,field-sales,7,530,1760.59,1240.07,520.52,1969.0,7,7,7,0
20240201,2024-02,East,ppe,phone,3,308,911.2,666.75,244.45,1051.48,3,3,3,0
20240201,2024-02,Nordics,abrasives,branch,1,16,18.66,11.39,7.27,19.73,1,1,1,0
20240201,2024-02,Nordics,abrasives,e-shop,1,88,104.29,60.64,43.65,109.21,1,1,1,0
20240201,2024-02,Nordics,abrasives,phone,3,459,490.54,296.96,193.58,532.73,3,3,3,0
20240201,2024-02,Nordics,chemicals,branch,1,19,112.37,63.23,49.14,120.83,1,1,1,0
20240201,2024-02,Nordics,chemicals,e-shop,6,415,2450.51,1448.46,1002.05,2721.76,6,6,6,0
20240201,2024-02,Nordics,chemicals,field-sales,3,271,1572.13,969.03,603.1,1755.75,3,3,3,0
20240201,2024-02,Nordics,fasteners,branch,1,43,35.64,20.91,14.73,36.07,0,1,0,0
20240201,2024-02,Nordics,fasteners,e-shop,1,245,171.49,118.44,53.05,203.67,1,1,1,0
20240201,2024-02,Nordics,fasteners,field-sales,7,379,327.93,200.23,127.7,352.7,7,7,7,0
20240201,2024-02,Nordics,fasteners,phone,3,71,66.87,40.43,26.44,68.66,3,3,3,0
20240201,2024-02,Nordics,hand tools,branch,1,31,749.22,560.21,189.01,833.4,1,1,1,0
20240201,2024-02,Nordics,hand tools,e-shop,2,133,3238.1,2355.1,883.0,3560.86,2,2,2,0
20240201,2024-02,Nordics,hand tools,field-sales,2,92,2090.17,1480.15,610.02,2234.79,2,2,2,0
20240201,2024-02,Nordics,power tools,branch,1,32,4130.99,3031.51,1099.48,4198.16,1,1,1,0
20240201,2024-02,Nordics,power tools,e-shop,3,40,5616.67,4429.31,1187.36,6148.8,3,3,3,0
20240201,2024-02,Nordics,power tools,field-sales,3,242,33255.33,25037.64,8217.69,35008.88,3,3,3,0
20240201,2024-02,Nordics,power tools,phone,1,63,7422.37,5484.74,1937.63,7998.25,1,0,0,0
20240201,2024-02,Nordics,ppe,branch,1,49,154.92,104.69,50.23,165.33,1,1,1,0
20240201,2024-02,Nordics,ppe,e-shop,4,170,520.55,345.47,175.08,547.58,4,4,4,1
20240201,2024-02,Nordics,ppe,field-sales,3,337,990.31,705.06,285.25,1157.24,3,3,3,0
20240201,2024-02,Nordics,ppe,phone,1,82,277.03,184.32,92.71,308.84,1,1,1,0
20240201,2024-02,West,abrasives,branch,1,17,19.2,10.79,8.41,19.75,1,1,1,0
20240201,2024-02,West,abrasives,e-shop,9,427,452.07,269.43,182.64,487.57,9,8,8,1
20240201,2024-02,West,abrasives,field-sales,2,59,58.35,34.93,23.42,62.99,2,1,1,0
20240201,2024-02,West,abrasives,phone,2,36,40.49,23.77,16.72,42.93,2,2,2,0
20240201,2024-02,West,chemicals,branch,3,135,841.24,467.42,373.82,875.48,2,3,2,0
20240201,2024-02,West,chemicals,e-shop,4,601,3037.12,2010.49,1026.63,3725.45,4,4,4,0
20240201,2024-02,West,chemicals,field-sales,6,420,2742.68,1601.01,1141.67,2906.65,5,6,5,0
20240201,2024-02,West,chemicals,phone,3,427,2878.47,1694.38,1184.09,3067.45,3,3,3,0
20240201,2024-02,West,fasteners,branch,6,551,447.79,298.11,149.68,512.27,4,6,4,0
20240201,2024-02,West,fasteners,e-shop,11,643,575.08,366.15,208.93,622.92,11,9,9,0
20240201,2024-02,West,fasteners,field-sales,6,242,212.9,134.95,77.95,229.76,5,5,4,0
20240201,2024-02,West,fasteners,phone,6,442,381.28,252.26,129.02,429.59,6,6,6,0
20240201,2024-02,West,hand tools,e-shop,3,184,4386.79,3164.02,1222.77,4762.02,3,3,3,0
20240201,2024-02,West,hand tools,field-sales,3,106,2422.93,1606.91,816.02,2470.75,1,3,1,0
20240201,2024-02,West,hand tools,phone,1,21,457.59,349.98,107.61,519.98,1,1,1,0
20240201,2024-02,West,power tools,branch,5,284,36106.15,28311.34,7794.81,39512.1,5,5,5,0
20240201,2024-02,West,power tools,e-shop,5,266,37353.33,28522.65,8830.68,39398.12,5,5,5,0
20240201,2024-02,West,power tools,field-sales,3,115,14680.75,10659.45,4021.3,15387.37,3,3,3,0
20240201,2024-02,West,power tools,phone,1,45,5800.84,4301.62,1499.22,5800.84,0,1,0,0
20240201,2024-02,West,ppe,branch,2,70,223.82,151.65,72.17,236.32,2,2,2,0
20240201,2024-02,West,ppe,e-shop,6,358,1148.26,770.32,377.94,1243.04,5,6,5,0
20240201,2024-02,West,ppe,field-sales,2,51,179.96,117.33,62.63,189.74,2,2,2,0
20240201,2024-02,West,ppe,phone,2,56,203.75,135.28,68.47,214.18,2,2,2,0
20240301,2024-03,DACH-North,abrasives,branch,3,475,454.57,312.22,142.35,557.5,3,3,3,0
20240301,2024-03,DACH-North,abrasives,e-shop,6,870,901.59,521.43,380.16,952.37,6,5,5,0
20240301,2024-03,DACH-North,abrasives,field-sales,5,236,248.14,150.64,97.5,270.94,5,5,5,0
20240301,2024-03,DACH-North,abrasives,phone,1,26,29.22,17.13,12.09,29.22,1,1,1,0
20240301,2024-03,DACH-North,chemicals,branch,6,342,2080.79,1247.16,833.63,2263.44,5,6,5,0
20240301,2024-03,DACH-North,chemicals,e-shop,10,1134,6362.01,3963.63,2398.38,7270.93,7,10,7,0
20240301,2024-03,DACH-North,chemicals,field-sales,7,630,3426.03,2206.2,1219.83,4016.43,7,5,5,0
20240301,2024-03,DACH-North,chemicals,phone,2,57,356.31,215.87,140.44,390.99,2,2,2,0
20240301,2024-03,DACH-North,fasteners,branch,5,333,292.1,180.58,111.52,315.35,3,5,3,0
20240301,2024-03,DACH-North,fasteners,e-shop,12,1330,1094.87,697.0,397.87,1211.02,10,12,10,0
20240301,2024-03,DACH-North,fasteners,field-sales,8,368,306.57,198.7,107.87,341.28,8,8,8,1
20240301,2024-03,DACH-North,fasteners,phone,4,359,310.96,211.41,99.55,351.83,4,4,4,0
20240301,2024-03,DACH-North,hand tools,branch,1,26,628.16,422.73,205.43,639.03,1,1,1,0
20240301,2024-03,DACH-North,hand tools,e-shop,5,398,9061.67,6647.19,2414.48,10173.75,5,5,5,1
20240301,2024-03,DACH-North,hand tools,field-sales,5,263,6427.05,4403.28,2023.77,6581.28,5,5,5,0
20240301,2024-03,DACH-North,hand tools,phone,1,22,466.12,327.97,138.15,477.59,1,1,1,0
20240301,2024-03,DACH-North,power tools,branch,3,446,56684.92,47503.21,9181.71,64832.48,1,2,0,0
20240301,2024-03,DACH-North,power tools,e-shop,9,640,81106.33,66556.94,14549.39,91852.15,9,8,8,0
20240301,2024-03,DACH-North,power tools,field-sales,3,141,20882.56,14891.61,5990.95,21236.87,3,3,3,0
20240301,2024-03,DACH-North,power tools,phone,1,222,22441.3,20307.73,2133.57,28442.71,1,1,1,0
20240301,2024-03,DACH-North,ppe,branch,5,503,1544.23,1082.66,461.57,1708.81,5,5,5,0
20240301,2024-03,DACH-North,ppe,e-shop,6,550,1651.29,1200.08,451.21,1923.06,5,6,5,0
20240301,2024-03,DACH-North,ppe,field-sales,8,826,2513.85,1739.93,773.92,2790.12,7,8,7,1
20240301,2024-03,DACH-North,ppe,phone,3,138,441.83,290.11,151.72,462.99,3,3,3,0
20240301,2024-03,DACH-South,abrasives,branch,2,369,304.48,214.45,90.03,380.67,2,1,1,0
20240301,2024-03,DACH-South,abrasives,e-shop,6,280,298.38,180.12,118.26,322.96,6,5,5,0
20240301,2024-03,DACH-South,abrasives,field-sales,5,273,281.86,179.39,102.47,315.93,4,5,4,0
20240301,2024-03,DACH-South,abrasives,phone,1,357,317.35,223.31,94.04,391.31,0,0,0,0
20240301,2024-03,DACH-South,chemicals,branch,5,226,1285.92,782.09,503.83,1420.28,5,5,5,1
20240301,2024-03,DACH-South,chemicals,e-shop,11,1166,7021.17,4205.66,2815.51,7875.24,11,9,9,0
20240301,2024-03,DACH-South,chemicals,field-sales,7,683,4117.81,2382.29,1735.52,4476.67,6,7,6,0
20240301,2024-03,DACH-South,chemicals,phone,2,28,154.53,92.3,62.23,168.95,2,2,2,0
20240301,2024-03,DACH-South,fasteners,branch,6,369,319.51,213.47,106.04,359.79,6,6,6,0
20240301,2024-03,DACH-South,fasteners,e-shop,14,813,677.99,432.35,245.64,752.03,14,14,14,0
20240301,2024-03,DACH-South,fasteners,field-sales,8,322,278.72,166.69,112.03,290.46,8,8,8,0
20240301,2024-03,DACH-South,fasteners,phone,1,83,79.14,47.48,31.66,79.14,1,1,1,0
20240301,2024-03,DACH-South,hand tools,branch,6,586,12138.78,8747.09,3391.69,13234.02,5,6,5,0
20240301,2024-03,DACH-South,hand tools,e-shop,5,288,6112.31,4563.92,1548.39,6892.07,4,5,4,0
20240301,2024-03,DACH-South,hand tools,field-sales,4,227,5371.89,3625.54,1746.35,5617.51,3,4,3,0
20240301,2024-03,DACH-South,power tools,branch,5,399,53759.8,43060.44,10699.36,59028.89,5,5,5,0
20240301,2024-03,DACH-South,power tools,e-shop,9,303,39901.56,30381.1,9520.46,42573.06,8,9,8,0
20240301,2024-03,DACH-South,power tools,field-sales,6,636,76367.14,66117.52,10249.62,91114.43,5,6,5,1
20240301,2024-03,DACH-South,power tools,phone,2,66,8278.44,6669.41,1609.03,9352.4,2,2,2,0
20240301,2024-03,DACH-South,ppe,branch,5,149,450.84,309.71,141.13,502.5,5,5,5,0
20240301,2024-03,DACH-South,ppe,e-shop,13,690,2226.99,1449.8,777.19,2388.69,10,13,10,0
20240301,2024-03,DACH-South,ppe,field-sales,9,513,1682.67,1169.18,513.49,1878.29,8,8,7,0
20240301,2024-03,DACH-South,ppe,phone,4,342,1061.53,750.57,310.96,1220.1,3,4,3,0
20240301,2024-03,East,abrasives,branch,5,151,150.8,98.1,52.7,171.23,4,5,4,0
20240301,2024-03,East,abrasives,e-shop,7,271,271.86,163.48,108.38,292.74,7,6,6,0
20240301,2024-03,East,abrasives,field-sales,6,309,316.85,192.28,124.57,346.45,6,6,6,0
20240301,2024-03,East,chemicals,branch,5,294,1782.89,1037.9,744.99,1895.01,5,5,5,0
20240301,2024-03,East,chemicals,e-shop,8,646,3987.17,2293.72,1693.45,4284.58,6,6,4,0
20240301,2024-03,East,chemicals,field-sales,5,486,2919.56,1841.09,1078.47,3367.03,4,5,4,0
20240301,2024-03,East,fasteners,branch,9,517,450.32,273.96,176.36,482.86,8,9,8,1
20240301,2024-03,East,fasteners,e-shop,13,526,448.5,283.9,164.6,489.42,12,13,12,0
20240301,2024-03,East,fasteners,field-sales,2,62,42.98,29.7,13.28,53.31,2,1,1,0
20240301,2024-03,East,fasteners,phone,3,108,87.36,55.06,32.3,94.52,3,3,3,0
20240301,2024-03,East,hand tools,branch,2,305,6884.91,5419.05,1465.86,7953.32,2,2,2,0
20240301,2024-03,East,hand tools,e-shop,6,605,13482.32,10286.31,3196.01,15647.6,6,6,6,0
20240301,2024-03,East,hand tools,field-sales,4,204,4557.63,3163.56,1394.07,4689.57,4,3,3,0
20240301,2024-03,East,hand tools,phone,2,79,1783.07,1182.34,600.73,1798.5,2,2,2,0
20240301,2024-03,East,power tools,branch,4,342,44369.59,35570.51,8799.08,50067.44,4,4,4,1
20240301,2024-03,East,power tools,e-shop,8,787,102286.69,80784.22,21502.47,114279.4,7,7,6,3
20240301,2024-03,East,power tools,field-sales,3,456,60087.09,51049.22,9037.87,71559.55,3,3,3,0
20240301,2024-03,East,power tools,phone,2,300,41602.96,35545.12,6057.84,47040.5,1,2,1,0
20240301,2024-03,East,ppe,branch,3,179,566.65,368.12,198.53,585.62,3,2,2,0
20240301,2024-03,East,ppe,e-shop,13,996,3493.37,2273.37,1220.0,3665.12,13,12,12,1
20240301,2024-03,East,ppe,field-sales,3,84,266.02,167.35,98.67,277.15,3,3,3,0
20240301,2024-03,East,ppe,phone,3,93,284.56,198.59,85.97,310.41,3,3,3,0
20240301,2024-03,Nordics,abrasives,branch,2,46,52.18,29.31,22.87,53.94,2,2,2,0
20240301,2024-03,Nordics,abrasives,e-shop,2,53,53.82,32.09,21.73,56.84,2,2,2,0
20240301,2024-03,Nordics,abrasives,field-sales,3,255,296.31,162.31,134.0,300.0,3,3,3,0
20240301,2024-03,Nordics,chemicals,branch,6,645,3626.56,2343.08,1283.48,4258.36,6,6,6,0
20240301,2024-03,Nordics,chemicals,e-shop,1,25,147.48,82.61,64.87,155.24,0,1,0,0
20240301,2024-03,Nordics,chemicals,field-sales,6,168,1026.83,609.27,417.56,1136.17,6,6,6,0
20240301,2024-03,Nordics,chemicals,phone,1,4,27.36,15.26,12.1,28.68,1,1,1,0
20240301,2024-03,Nordics,fasteners,branch,4,427,414.75,252.87,161.88,429.95,3,4,3,0
20240301,2024-03,Nordics,fasteners,e-shop,12,1055,879.79,569.65,310.14,956.86,10,12,10,1
20240301,2024-03,Nordics,fasteners,field-sales,6,646,495.96,331.01,164.95,564.17,6,6,6,0
20240301,2024-03,Nordics,fasteners,phone,3,270,244.26,151.1,93.16,264.4,3,3,3,0
20240301,2024-03,Nordics,hand tools,e-shop,5,431,8531.39,7332.41,1198.98,10748.07,5,4,4,0
20240301,2024-03,Nordics,hand tools,field-sales,3,151,3343.62,2361.1,982.52,3669.96,3,3,3,0
20240301,2024-03,Nordics,hand tools,phone,1,40,903.27,598.18,305.09,937.0,1,1,1,0
20240301,2024-03,Nordics,power tools,branch,2,159,21420.41,16003.02,5417.39,22930.69,2,2,2,0
20240301,2024-03,Nordics,power tools,e-shop,4,417,56078.68,43639.66,12439.02,58508.51,4,3,3,0
20240301,2024-03,Nordics,power tools,field-sales,2,224,27385.12,21606.93,5778.19,31279.78,2,2,2,0
20240301,2024-03,Nordics,power tools,phone,1,20,2342.58,1791.69,550.89,2614.48,1,1,1,0
20240301,2024-03,Nordics,ppe,branch,5,241,837.5,559.91,277.59,897.15,2,5,2,0
20240301,2024-03,Nordics,ppe,e-shop,6,256,808.56,551.85,256.71,892.22,6,6,6,0
20240301,2024-03,Nordics,ppe,field-sales,4,190,577.17,377.31,199.86,621.12,4,3,3,0
20240301,2024-03,Nordics,ppe,phone,1,330,992.26,652.03,340.23,1096.42,1,1,1,0
20240301,2024-03,West,abrasives,branch,4,124,138.02,79.81,58.21,143.89,4,4,4,0
20240301,2024-03,West,abrasives,e-shop,3,86,85.25,52.35,32.9,94.58,2,3,2,0
20240301,2024-03,West,abrasives,field-sales,9,895,847.79,547.75,300.04,961.4,8,9,8,0
20240301,2024-03,West,abrasives,phone,1,91,89.79,56.93,32.86,100.21,1,1,1,0
20240301,2024-03,West,chemicals,branch,5,606,3334.47,2032.98,1301.49,3838.58,4,5,4,0
20240301,2024-03,West,chemicals,e-shop,6,270,1627.28,951.09,676.19,1757.61,6,6,6,0
20240301,2024-03,West,chemicals,field-sales,11,605,3647.85,2203.78,1444.07,4092.07,10,11,10,1
20240301,2024-03,West,chemicals,phone,3,98,644.7,353.0,291.7,660.71,3,3,3,1
20240301,2024-03,West,fasteners,branch,9,431,382.89,233.35,149.54,411.66,9,9,9,1
20240301,2024-03,West,fasteners,e-shop,12,795,666.65,424.37,242.28,724.93,11,12,11,2
20240301,2024-03,West,fasteners,field-sales,10,531,420.39,269.16,151.23,465.74,10,9,9,1
20240301,2024-03,West,fasteners,phone,5,153,127.49,79.95,47.54,136.03,5,5,5,0
20240301,2024-03,West,hand tools,branch,4,652,14179.55,11312.78,2866.77,16767.32,2,4,2,0
20240301,2024-03,West,hand tools,e-shop,2,457,9713.35,7465.4,2247.95,11064.82,2,2,2,0
20240301,2024-03,West,hand tools,field-sales,5,148,3560.62,2465.74,1094.88,3774.26,4,5,4,0
20240301,2024-03,West,hand tools,phone,1,56,1362.11,890.94,471.17,1385.67,1,1,1,0
20240301,2024-03,West,power tools,e-shop,2,32,4371.85,3375.97,995.88,4891.15,2,2,2,1
20240301,2024-03,West,power tools,field-sales,6,278,38002.69,30172.62,7830.07,41313.19,5,6,5,0
20240301,2024-03,West,ppe,branch,4,200,680.65,472.36,208.29,751.53,4,4,4,0
20240301,2024-03,West,ppe,e-shop,14,715,2239.26,1516.04,723.22,2459.16,13,14,13,0
20240301,2024-03,West,ppe,field-sales,6,448,1474.74,988.28,486.46,1607.53,5,6,5,0
20240301,2024-03,West,ppe,phone,2,174,536.29,358.78,177.51,588.02,2,2,2,0
20240401,2024-04,DACH-North,abrasives,branch,4,314,300.98,186.55,114.43,340.16,4,4,4,0
20240401,2024-04,DACH-North,abrasives,e-shop,6,819,789.82,532.2,257.62,943.42,6,6,6,0
20240401,2024-04,DACH-North,abrasives,field-sales,7,566,560.2,343.46,216.74,617.93,4,6,4,0
20240401,2024-04,DACH-North,chemicals,branch,9,295,1904.88,1085.34,819.54,2013.25,9,9,9,0
20240401,2024-04,DACH-North,chemicals,e-shop,16,2365,13783.89,8647.6,5136.29,15904.6,13,15,12,2
20240401,2024-04,DACH-North,chemicals,field-sales,4,337,1961.23,1206.67,754.56,2243.84,4,4,4,0
20240401,2024-04,DACH-North,chemicals,phone,1,33,201.23,110.4,90.83,207.67,1,1,1,0
20240401,2024-04,DACH-North,fasteners,branch,7,327,276.6,180.41,96.19,306.12,7,7,7,0
20240401,2024-04,DACH-North,fasteners,e-shop,14,1180,1000.12,636.16,363.96,1118.51,14,14,14,0
20240401,2024-04,DACH-North,fasteners,field-sales,9,673,553.5,358.64,194.86,618.18,8,9,8,1
20240401,2024-04,DACH-North,hand tools,branch,4,382,8430.34,6493.56,1936.78,9940.74,4,4,4,0
20240401,2024-04,DACH-North,hand tools,e-shop,4,791,18173.4,13172.84,5000.56,20147.8,3,4,3,0
20240401,2024-04,DACH-North,hand tools,field-sales,5,429,9039.05,6552.39,2486.66,10123.2,3,5,3,0
20240401,2024-04,DACH-North,hand tools,phone,1,19,428.88,289.65,139.23,445.82,1,1,1,0
20240401,2024-04,DACH-North,power tools,branch,4,171,23791.49,17833.33,5958.16,25044.17,4,4,4,0
20240401,2024-04,DACH-North,power tools,e-shop,3,105,14224.6,11137.76,3086.84,15256.75,3,3,3,1
20240401,2024-04,DACH-North,power tools,field-sales,1,11,1274.56,1019.45,255.11,1417.76,1,1,1,0
20240401,2024-04,DACH-North,power tools,phone,1,28,3475.63,2871.11,604.52,4172.42,1,1,1,0
20240401,2024-04,DACH-North,ppe,branch,5,466,1381.82,985.16,396.66,1635.53,4,4,4,0
20240401,2024-04,DACH-North,ppe,e-shop,5,411,1347.81,885.3,462.51,1416.46,5,5,5,0
20240401,2024-04,DACH-North,ppe,field-sales,10,934,3045.61,2165.37,880.24,3470.87,10,9,9,0
20240401,2024-04,DACH-North,ppe,phone,1,20,75.17,49.82,25.35,76.86,1,1,1,0
20240401,2024-04,DACH-South,abrasives,branch,3,159,175.76,110.36,65.4,189.8,3,3,3,0
20240401,2024-04,DACH-South,abrasives,e-shop,11,893,880.72,530.2,350.52,962.79,11,10,10,0
20240401,2024-04,DACH-South,abrasives,field-sales,9,423,444.06,267.5,176.56,473.21,8,8,7,0
20240401,2024-04,DACH-South,abrasives,phone,2,56,61.22,35.57,25.65,62.44,1,2,1,1
20240401,2024-04,DACH-South,chemicals,branch,5,243,1455.17,880.07,575.1,1618.47,4,5,4,1
20240401,2024-04,DACH-South,chemicals,e-shop,4,94,615.79,352.86,262.93,659.01,3,4,3,1
20240401,2024-04,DACH-South,chemicals,field-sales,5,289,1781.4,1027.67,753.73,1884.18,4,4,3,0
20240401,2024-04,DACH-South,chemicals,phone,1,24,145.91,84.59,61.32,160.69,1,1,1,0
20240401,2024-04,DACH-South,fasteners,branch,13,1122,889.36,572.22,317.14,992.05,11,13,11,0
20240401,2024-04,DACH-South,fasteners,e-shop,15,765,650.27,402.82,247.45,693.91,13,15,13,0
20240401,2024-04,DACH-South,fasteners,field-sales,11,537,486.0,297.38,188.62,507.98,8,9,7,0
20240401,2024-04,DACH-South,fasteners,phone,1,60,60.3,34.33,25.97,60.97,1,0,0,0
20240401,2024-04,DACH-South,hand tools,e-shop,7,631,13595.56,10495.92,3099.64,15873.22,7,6,6,0
20240401,2024-04,DACH-South,hand tools,field-sales,10,625,13199.55,9705.95,3493.6,14967.55,10,10,10,0
20240401,2024-04,DACH-South,hand tools,phone,3,140,3075.45,2196.97,878.48,3288.1,3,3,3,0
20240401,2024-04,DACH-South,power tools,branch,4,221,29812.85,22706.48,7106.37,31830.45,4,4,4,1
20240401,2024-04,DACH-South,power tools,e-shop,7,530,67745.9,55967.42,11778.48,74948.67,5,7,5,0
20240401,2024-04,DACH-South,power tools,field-sales,6,223,30416.92,23626.58,6790.34,32490.9,4,5,3,0
20240401,2024-04,DACH-South,power tools,phone,3,118,15004.43,11088.99,3915.44,15886.25,2,3,2,0
20240401,2024-04,DACH-South,ppe,branch,3,159,517.36,366.38,150.98,570.64,3,3,3,0
20240401,2024-04,DACH-South,ppe,e-shop,12,454,1454.9,978.22,476.68,1567.47,11,12,11,1
20240401,2024-04,DACH-South,ppe,field-sales,4,104,366.16,234.22,131.94,381.62,4,4,4,0
20240401,2024-04,DACH-South,ppe,phone,4,378,1212.46,878.23,334.23,1373.29,4,4,4,0
20240401,2024-04,East,abrasives,branch,3,431,465.15,308.03,157.12,538.02,3,3,3,0
20240401,2024-04,East,abrasives,e-shop,9,396,425.8,251.98,173.82,452.97,7,9,7,1
20240401,2024-04,East,abrasives,field-sales,11,987,999.02,624.74,374.28,1113.9,10,11,10,0
20240401,2024-04,East,abrasives,phone,2,64,65.49,37.57,27.92,67.86,2,2,2,0
20240401,2024-04,East,chemicals,branch,8,464,2593.47,1533.06,1060.41,2837.62,6,6,5,0
20240401,2024-04,East,chemicals,e-shop,15,1239,7525.46,4692.83,2832.63,8571.13,13,15,13,0
20240401,2024-04,East,chemicals,field-sales,7,441,2851.46,1663.43,1188.03,3124.37,6,7,6,0
20240401,2024-04,East,chemicals,phone,2,36,243.68,138.15,105.53,245.12,2,2,2,0
20240401,2024-04,East,fasteners,branch,5,236,195.87,123.07,72.8,216.44,5,5,5,0
20240401,2024-04,East,fasteners,e-shop,15,807,692.69,437.55,255.14,747.75,13,15,13,1
20240401,2024-04,East,fasteners,field-sales,13,989,878.2,565.18,313.02,965.16,11,13,11,0
20240401,2024-04,East,fasteners,phone,2,40,35.63,21.88,13.75,37.75,2,2,2,0
20240401,2024-04,East,hand tools,branch,4,498,10972.9,8045.85,2927.05,12040.46,2,4,2,0
20240401,2024-04,East,hand tools,e-shop,9,684,14641.49,11025.38,3616.11,16753.37,9,9,9,0
20240401,2024-04,East,hand tools,field-sales,7,500,11884.43,8361.47,3522.96,12681.06,5,7,5,0
20240401,2024-04,East,power tools,branch,5,360,46141.57,39256.98,6884.59,54477.7,4,5,4,1
20240401,2024-04,East,power tools,e-shop,12,1081,141908.89,114052.18,27856.71,157328.1,12,11,11,0
20240401,2024-04,East,power tools,field-sales,6,424,53639.32,44611.33,9027.99,61291.75,5,6,5,0
20240401,2024-04,East,power tools,phone,3,289,39835.38,33425.12,6410.26,45236.6,3,3,3,1
20240401,2024-04,East,ppe,branch,8,603,1868.45,1318.17,550.28,2112.51,8,8,8,0
20240401,2024-04,East,ppe,e-shop,7,578,1761.37,1244.21,517.16,1973.76,6,7,6,1
20240401,2024-04,East,ppe,field-sales,5,198,642.45,420.69,221.76,672.45,4,5,4,0
20240401,2024-04,East,ppe,phone,2,47,155.67,97.66,58.01,161.6,2,2,2,0
20240401,2024-04,Nordics,abrasives,branch,8,1195,1110.24,753.73,356.51,1320.07,7,8,7,0
20240401,2024-04,Nordics,abrasives,e-shop,9,1247,1294.42,797.99,496.43,1416.04,7,9,7,0
20240401,2024-04,Nordics,abrasives,field-sales,2,101,114.63,69.42,45.21,119.02,2,2,2,0
20240401,2024-04,Nordics,chemicals,branch,1,60,361.29,241.55,119.74,436.87,1,1,1,0
20240401,2024-04,Nordics,chemicals,e-shop,4,606,3204.15,2067.03,1137.12,3842.41,4,4,4,0
20240401,2024-04,Nordics,chemicals,field-sales,5,640,3558.36,2257.38,1300.98,4248.19,5,5,5,0
20240401,2024-04,Nordics,chemicals,phone,1,42,238.68,141.85,96.83,253.91,0,1,0,0
20240401,2024-04,Nordics,fasteners,branch,3,289,213.47,143.8,69.67,239.86,2,3,2,0
20240401,2024-04,Nordics,fasteners,e-shop,8,530,432.37,296.17,136.2,508.85,7,8,7,2
20240401,2024-04,Nordics,fasteners,field-sales,6,600,483.33,329.11,154.22,561.9,6,6,6,0
20240401,2024-04,Nordics,fasteners,phone,1,43,42.09,25.57,16.52,43.13,0,0,0,0
20240401,2024-04,Nordics,hand tools,branch,1,29,754.05,491.62,262.43,754.05,1,1,1,0
20240401,2024-04,Nordics,hand tools,e-shop,1,310,6968.72,5115.65,1853.07,7666.36,1,1,1,0
20240401,2024-04,Nordics,hand tools,field-sales,1,29,638.43,447.59,190.84,654.13,1,1,1,0
20240401,2024-04,Nordics,power tools,branch,2,260,34955.35,28504.67,6450.68,38861.51,2,2,2,0
20240401,2024-04,Nordics,power tools,e-shop,3,211,29853.83,23446.08,6407.75,32045.64,1,3,1,0
20240401,2024-04,Nordics,power tools,field-sales,4,214,30081.19,23248.36,6832.83,32692.2,3,4,3,0
20240401,2024-04,Nordics,ppe,branch,3,398,1196.32,881.22,315.1,1448.42,3,2,2,0
20240401,2024-04,Nordics,ppe,e-shop,5,206,684.48,463.14,221.34,739.66,5,5,5,1
20240401,2024-04,Nordics,ppe,field-sales,1,9,30.33,19.0,11.33,30.33,1,1,1,0
20240401,2024-04,Nordics,ppe,phone,1,80,275.42,172.14,103.28,275.98,1,1,1,0
20240401,2024-04,West,abrasives,branch,1,10,9.78,6.04,3.74,10.6,1,1,1,0
20240401,2024-04,West,abrasives,e-shop,8,478,499.56,309.01,190.55,553.08,8,8,8,0
20240401,2024-04,West,abrasives,field-sales,9,696,747.2,473.15,274.05,844.17,9,9,9,0
20240401,2024-04,West,abrasives,phone,3,293,270.65,178.49,92.16,308.92,3,3,3,0
20240401,2024-04,West,chemicals,branch,4,417,2596.61,1537.0,1059.61,2921.37,3,4,3,0
20240401,2024-04,West,chemicals,e-shop,4,100,653.93,371.69,282.24,695.18,3,4,3,0
20240401,2024-04,West,chemicals,field-sales,6,304,1736.84,1068.47,668.37,1932.58,5,5,4,0
20240401,2024-04,West,chemicals,phone,1,264,1404.59,879.65,524.94,1670.14,1,1,1,0
20240401,2024-04,West,fasteners,branch,6,437,362.54,225.14,137.4,391.19,5,6,5,0
20240401,2024-04,West,fasteners,e-shop,12,756,612.33,391.51,220.82,680.63,10,12,10,0
20240401,2024-04,West,fasteners,field-sales,13,1450,1147.42,769.59,377.83,1329.31,11,13,11,0
20240401,2024-04,West,fasteners,phone,5,176,147.74,89.39,58.35,158.45,5,5,5,1
20240401,2024-04,West,hand tools,branch,2,77,1700.43,1202.31,498.12,1787.35,2,2,2,0
20240401,2024-04,West,hand tools,e-shop,5,457,10908.13,7730.89,3177.24,11849.27,4,5,4,0
20240401,2024-04,West,hand tools,field-sales,6,309,7372.56,5180.99,2191.57,7767.52,6,6,6,0
20240401,2024-04,West,hand tools,phone,5,284,6723.45,4621.32,2102.13,7062.84,4,5,4,0
20240401,2024-04,West,power tools,branch,3,498,58982.75,52471.15,6511.6,71504.35,3,3,3,0
20240401,2024-04,West,power tools,e-shop,6,454,59881.17,46432.4,13448.77,64625.38,6,6,6,0
20240401,2024-04,West,power tools,field-sales,4,202,26050.48,20451.94,5598.54,27949.15,4,3,3,0
20240401,2024-04,West,power tools,phone,3,161,19584.24,15286.19,4298.05,21490.84,3,2,2,0
20240401,2024-04,West,ppe,branch,6,828,2684.58,1807.71,876.87,2964.83,6,6,6,1
20240401,2024-04,West,ppe,e-shop,5,197,648.15,428.24,219.91,694.06,5,5,5,0
20240401,2024-04,West,ppe,field-sales,9,448,1471.71,968.7,503.01,1566.87,9,9,9,1
20240401,2024-04,West,ppe,phone,3,448,1452.32,987.81,464.51,1566.09,3,3,3,0
20240501,2024-05,DACH-North,abrasives,branch,5,478,508.49,318.29,190.2,564.64,5,4,4,0
20240501,2024-05,DACH-North,abrasives,e-shop,8,988,1037.5,637.3,400.2,1121.1,6,8,6,1
20240501,2024-05,DACH-North,abrasives,field-sales,10,971,987.89,646.86,341.03,1128.53,5,10,5,0
20240501,2024-05,DACH-North,chemicals,branch,6,501,2949.83,1920.35,1029.48,3466.32,6,6,6,0
20240501,2024-05,DACH-North,chemicals,e-shop,13,569,3478.76,2031.67,1447.09,3785.19,12,13,12,1
20240501,2024-05,DACH-North,chemicals,field-sales,10,1161,7725.36,4413.01,3312.35,8290.08,10,10,10,0
20240501,2024-05,DACH-North,chemicals,phone,1,10,60.24,37.63,22.61,67.08,1,1,1,0
20240501,2024-05,DACH-North,fasteners,branch,7,758,637.75,436.56,201.19,732.42,7,6,6,0
20240501,2024-05,DACH-North,fasteners,e-shop,22,2237,1800.36,1171.07,629.29,2028.67,21,22,21,2
20240501,2024-05,DACH-North,fasteners,field-sales,11,1288,1048.61,686.71,361.9,1178.84,9,10,8,1
20240501,2024-05,DACH-North,fasteners,phone,2,69,63.44,41.51,21.93,70.08,2,2,2,0
20240501,2024-05,DACH-North,hand tools,branch,7,1113,23622.04,18007.3,5614.74,27022.4,6,7,6,1
20240501,2024-05,DACH-North,hand tools,e-shop,2,118,2904.32,1909.65,994.67,2960.91,2,2,2,0
20240501,2024-05,DACH-North,hand tools,field-sales,4,636,13947.09,10459.71,3487.38,16058.55,4,4,4,0
20240501,2024-05,DACH-North,hand tools,phone,3,165,3396.72,2536.55,860.17,3708.18,2,3,2,0
20240501,2024-05,DACH-North,power tools,branch,3,501,54245.35,48418.73,5826.62,65861.64,3,3,3,0
20240501,2024-05,DACH-North,power tools,e-shop,7,796,103975.54,88647.77,15327.77,121410.47,4,7,4,0
20240501,2024-05,DACH-North,power tools,field-sales,4,310,41509.29,31075.53,10433.76,43945.66,1,4,1,0
20240501,2024-05,DACH-North,power tools,phone,2,73,10296.13,7692.64,2603.49,10666.57,2,2,2,0
20240501,2024-05,DACH-North,ppe,branch,4,151,476.41,324.65,151.76,516.35,4,4,4,0
20240501,2024-05,DACH-North,ppe,e-shop,5,770,2449.36,1753.78,695.58,2840.73,5,5,5,1
20240501,2024-05,DACH-North,ppe,field-sales,6,820,2225.9,1587.6,638.3,2571.44,5,5,4,1
20240501,2024-05,DACH-North,ppe,phone,3,288,937.69,614.58,323.11,978.78,3,3,3,0
20240501,2024-05,DACH-South,abrasives,branch,6,438,457.23,282.7,174.53,497.61,6,6,6,0
20240501,2024-05,DACH-South,abrasives,e-shop,11,815,853.47,538.48,314.99,951.58,11,11,11,0
20240501,2024-05,DACH-South,abrasives,field-sales,4,616,597.67,378.72,218.95,696.46,4,4,4,0
20240501,2024-05,DACH-South,abrasives,phone,3,394,369.16,234.64,134.52,408.43,3,3,3,1
20240501,2024-05,DACH-South,chemicals,branch,11,524,3204.42,1920.1,1284.32,3515.97,10,11,10,0
20240501,2024-05,DACH-South,chemicals,e-shop,16,1448,8371.09,5272.05,3099.04,9632.8,13,14,11,1
20240501,2024-05,DACH-South,chemicals,field-sales,8,731,3859.93,2516.25,1343.68,4676.16,8,8,8,1
20240501,2024-05,DACH-South,chemicals,phone,3,165,1026.02,598.12,427.9,1102.76,1,3,1,0
20240501,2024-05,DACH-South,fasteners,branch,9,430,350.93,237.39,113.54,405.6,8,8,7,0
20240501,2024-05,DACH-South,fasteners,e-shop,18,1563,1264.41,824.91,439.5,1418.49,13,18,13,1
20240501,2024-05,DACH-South,fasteners,field-sales,13,896,717.77,449.54,268.23,783.05,11,12,10,1
20240501,2024-05,DACH-South,fasteners,phone,3,618,479.83,294.44,185.39,523.83,3,3,3,1
20240501,2024-05,DACH-South,hand tools,branch,7,511,10887.72,8277.3,2610.42,12416.34,7,6,6,1
20240501,2024-05,DACH-South,hand tools,e-shop,7,489,9938.68,7533.7,2404.98,11419.45,7,7,7,0
20240501,2024-05,DACH-South,hand tools,field-sales,5,234,5010.32,3562.43,1447.89,5455.65,5,4,4,0
20240501,2024-05,DACH-South,hand tools,phone,3,112,2908.71,1997.85,910.86,2981.33,3,3,3,0
20240501,2024-05,DACH-South,power tools,branch,4,196,25607.26,19387.31,6219.95,27221.76,3,2,2,0
20240501,2024-05,DACH-South,power tools,e-shop,2,413,54455.59,45182.64,9272.95,60568.99,2,2,2,0
20240501,2024-05,DACH-South,power tools,field-sales,9,574,75382.15,62437.92,12944.23,86394.0,8,8,7,0
20240501,2024-05,DACH-South,power tools,phone,2,52,6540.25,5077.42,1462.83,7182.52,1,2,1,0
20240501,2024-05,DACH-South,ppe,branch,5,184,545.95,381.01,164.94,604.3,4,5,4,0
20240501,2024-05,DACH-South,ppe,e-shop,9,460,1501.33,989.66,511.67,1607.62,9,9,9,0
20240501,2024-05,DACH-South,ppe,field-sales,11,887,2905.59,1994.97,910.62,3260.57,8,11,8,1
20240501,2024-05,DACH-South,ppe,phone,3,183,629.51,398.03,231.48,649.01,3,3,3,0
20240501,2024-05,East,abrasives,branch,7,532,549.94,333.12,216.82,610.32,7,7,7,0
20240501,2024-05,East,abrasives,e-shop,11,1041,1086.36,661.95,424.41,1171.39,10,10,9,0
20240501,2024-05,East,abrasives,field-sales,7,528,547.7,342.85,204.85,615.57,6,7,6,0
20240501,2024-05,East,abrasives,phone,1,17,19.31,11.23,8.08,20.57,1,1,1,0
20240501,2024-05,East,chemicals,branch,7,532,3260.28,2003.85,1256.43,3719.5,7,6,6,0
20240501,2024-05,East,chemicals,e-shop,18,1042,6085.92,3668.29,2417.63,6788.66,12,16,10,1
20240501,2024-05,East,chemicals,field-sales,8,547,3204.37,1948.79,1255.58,3631.07,8,8,8,2
20240501,2024-05,East,chemicals,phone,5,286,1898.76,1060.83,837.93,1957.68,4,5,4,0
20240501,2024-05,East,fasteners,branch,9,556,490.95,312.17,178.78,533.36,9,9,9,1
20240501,2024-05,East,fasteners,e-shop,23,1505,1271.45,812.79,458.66,1397.44,16,23,16,0
20240501,2024-05,East,fasteners,field-sales,12,665,579.11,364.39,214.72,625.02,10,10,9,1
20240501,2024-05,East,fasteners,phone,4,206,184.67,115.74,68.93,196.71,4,4,4,0
20240501,2024-05,East,hand tools,e-shop,2,42,919.16,656.59,262.57,994.26,2,2,2,0
20240501,2024-05,East,hand tools,field-sales,7,455,9933.96,7150.18,2783.78,10955.11,6,7,6,0
20240501,2024-05,East,power tools,branch,5,609,72605.25,59698.6,12906.65,84662.61,5,5,5,0
20240501,2024-05,East,power tools,e-shop,8,959,123017.41,98104.04,24913.37,136359.18,5,7,4,0
20240501,2024-05,East,power tools,field-sales,4,263,36522.15,27740.19,8781.96,39007.7,2,4,2,0
20240501,2024-05,East,power tools,phone,2,99,12366.77,9833.55,2533.22,13654.93,2,2,2,0
20240501,2024-05,East,ppe,branch,4,281,872.16,613.66,258.5,959.4,4,4,4,0
20240501,2024-05,East,ppe,e-shop,6,653,2079.08,1476.41,602.67,2316.43,6,5,5,0
20240501,2024-05,East,ppe,field-sales,6,235,802.03,531.58,270.45,844.4,5,6,5,0
20240501,2024-05,East,ppe,phone,2,104,347.19,229.74,117.45,365.06,2,2,2,0
20240501,2024-05,Nordics,abrasives,branch,2,120,117.66,74.04,43.62,128.67,2,2,2,0
20240501,2024-05,Nordics,abrasives,e-shop,9,757,764.05,504.3,259.75,873.21,8,8,8,1
20240501,2024-05,Nordics,abrasives,field-sales,7,286,271.69,174.86,96.83,307.55,5,7,5,1
20240501,2024-05,Nordics,chemicals,branch,5,505,2990.45,1851.82,1138.63,3339.84,5,5,5,0
20240501,2024-05,Nordics,chemicals,e-shop,2,360,2140.08,1302.88,837.2,2368.35,1,1,0,0
20240501,2024-05,Nordics,chemicals,field-sales,8,448,2598.2,1538.46,1059.74,2844.83,8,8,8,0
20240501,2024-05,Nordics,chemicals,phone,1,54,294.82,181.82,113.0,330.52,1,1,1,0
20240501,2024-05,Nordics,fasteners,branch,6,522,401.24,265.07,136.17,463.15,5,6,5,0
20240501,2024-05,Nordics,fasteners,e-shop,5,373,303.96,205.39,98.57,351.14,5,5,5,1
20240501,2024-05,Nordics,fasteners,field-sales,7,585,503.19,321.61,181.58,558.01,4,7,4,0
20240501,2024-05,Nordics,fasteners,phone,5,355,288.64,200.38,88.26,341.57,4,5,4,0
20240501,2024-05,Nordics,hand tools,e-shop,2,56,1309.48,904.57,404.91,1364.36,2,2,2,0
20240501,2024-05,Nordics,hand tools,field-sales,3,234,5287.16,3989.01,1298.15,5965.46,3,3,3,1
20240501,2024-05,Nordics,hand tools,phone,3,366,7802.55,5801.34,2001.21,8578.11,2,2,2,0
20240501,2024-05,Nordics,power tools,branch,3,147,18817.83,14829.36,3988.47,20937.87,3,3,3,0
20240501,2024-05,Nordics,power tools,e-shop,8,871,111984.71,91385.79,20598.92,124890.83,6,8,6,0
20240501,2024-05,Nordics,power tools,field-sales,1,48,6458.66,4662.43,1796.23,6458.66,1,1,1,1
20240501,2024-05,Nordics,power tools,phone,1,26,3832.11,2660.25,1171.86,3832.11,1,1,1,0
20240501,2024-05,Nordics,ppe,branch,4,446,1550.31,974.86,575.45,1595.93,2,3,1,0
20240501,2024-05,Nordics,ppe,e-shop,12,1184,3801.16,2596.39,1204.77,4161.29,10,11,9,0
20240501,2024-05,Nordics,ppe,field-sales,2,117,392.04,247.1,144.94,394.06,1,2,1,0
20240501,2024-05,Nordics,ppe,phone,3,334,956.59,684.33,272.26,1080.73,2,3,2,1
20240501,2024-05,West,abrasives,branch,6,395,401.09,247.33,153.76,442.47,5,6,5,0
20240501,2024-05,West,abrasives,e-shop,8,724,763.28,473.33,289.95,840.31,7,7,7,0
20240501,2024-05,West,abrasives,field-sales,9,512,512.39,310.06,202.33,558.48,7,9,7,0
20240501,2024-05,West,abrasives,phone,2,97,91.92,56.49,35.43,97.84,1,2,1,0
20240501,2024-05,West,chemicals,branch,3,106,660.56,404.28,256.28,726.52,1,3,1,0
20240501,2024-05,West,chemicals,e-shop,11,394,2371.53,1466.88,904.65,2628.26,9,11,9,0
20240501,2024-05,West,chemicals,field-sales,2,320,1659.59,1068.56,591.03,2009.27,1,2,1,0
20240501,2024-05,West,chemicals,phone,1,36,252.23,142.96,109.27,259.5,1,1,1,0
20240501,2024-05,West,fasteners,branch,10,862,731.57,484.44,247.13,816.49,9,9,8,0
20240501,2024-05,West,fasteners,e-shop,8,539,481.21,295.23,185.98,511.08,5,7,4,1
20240501,2024-05,West,fasteners,field-sales,7,534,424.88,285.65,139.23,483.01,6,7,6,0
20240501,2024-05,West,fasteners,phone,5,445,357.52,219.9,137.62,381.17,4,5,4,0
20240501,2024-05,West,hand tools,branch,5,362,9080.25,6155.3,2924.95,9545.87,4,5,4,0
20240501,2024-05,West,hand tools,e-shop,5,498,10903.34,7837.55,3065.79,12097.03,5,5,5,0
20240501,2024-05,West,hand tools,field-sales,3,372,8041.32,5748.83,2292.49,8528.8,2,3,2,0
20240501,2024-05,West,power tools,branch,1,259,38856.81,28802.95,10053.86,40901.9,1,1,1,0
20240501,2024-05,West,power tools,e-shop,4,312,38451.01,33878.71,4572.3,45554.86,3,4,3,1
20240501,2024-05,West,power tools,field-sales,3,71,9808.32,7477.16,2331.16,10555.51,3,3,3,0
20240501,2024-05,West,power tools,phone,2,178,25249.34,18886.0,6363.34,26731.25,2,2,2,0
20240501,2024-05,West,ppe,branch,3,115,346.19,232.93,113.26,382.18,3,3,3,0
20240501,2024-05,West,ppe,e-shop,7,501,1634.22,1120.53,513.69,1795.94,7,6,6,0
20240501,2024-05,West,ppe,field-sales,8,448,1347.02,983.27,363.75,1571.7,7,7,6,0
20240501,2024-05,West,ppe,phone,3,164,617.12,389.81,227.31,618.42,2,3,2,0
20240601,2024-06,DACH-North,abrasives,branch,5,339,358.17,215.11,143.06,391.21,5,5,5,0
20240601,2024-06,DACH-North,abrasives,e-shop,7,370,390.23,242.4,147.83,434.95,5,6,4,0
20240601,2024-06,DACH-North,abrasives,field-sales,9,544,581.82,365.61,216.21,637.6,8,9,8,0
20240601,2024-06,DACH-North,abrasives,phone,2,242,249.45,155.57,93.88,279.94,2,2,2,0
20240601,2024-06,DACH-North,chemicals,branch,8,512,2942.04,1768.53,1173.51,3330.87,8,8,8,0
20240601,2024-06,DACH-North,chemicals,e-shop,8,872,5331.92,3334.28,1997.64,6044.82,7,7,6,1
20240601,2024-06,DACH-North,chemicals,field-sales,3,448,2758.02,1647.38,1110.64,3106.61,2,3,2,0
20240601,2024-06,DACH-North,chemicals,phone,1,368,2195.96,1320.05,875.91,2456.33,1,1,1,0
20240601,2024-06,DACH-North,fasteners,branch,6,601,505.6,332.17,173.43,569.38,6,5,5,0
20240601,2024-06,DACH-North,fasteners,e-shop,13,1672,1343.77,907.66,436.11,1559.06,13,13,13,0
20240601,2024-06,DACH-North,fasteners,field-sales,11,909,721.61,471.43,250.18,830.22,11,11,11,1
20240601,2024-06,DACH-North,fasteners,phone,4,134,109.0,70.24,38.76,121.96,4,3,3,0
20240601,2024-06,DACH-North,hand tools,branch,1,23,503.59,363.71,139.88,540.34,1,1,1,0
20240601,2024-06,DACH-North,hand tools,e-shop,10,615,13197.37,9537.0,3660.37,14534.7,10,10,10,0
20240601,2024-06,DACH-North,hand tools,field-sales,4,445,9245.41,7514.17,1731.24,11432.22,4,3,3,1
20240601,2024-06,DACH-North,hand tools,phone,1,22,511.14,338.43,172.71,522.11,1,1,1,0
20240601,2024-06,DACH-North,power tools,branch,4,208,27139.65,21001.6,6138.05,29565.99,3,3,2,1
20240601,2024-06,DACH-North,power tools,e-shop,7,254,33511.87,25511.81,8000.06,36053.76,7,7,7,2
20240601,2024-06,DACH-North,power tools,field-sales,1,259,24777.41,22794.44,1982.97,32817.76,1,1,1,0
20240601,2024-06,DACH-North,power tools,phone,2,45,6347.23,4633.08,1714.15,6645.93,2,2,2,0
20240601,2024-06,DACH-North,ppe,branch,3,180,547.37,371.12,176.25,582.77,3,3,3,0
20240601,2024-06,DACH-North,ppe,e-shop,12,704,2187.97,1542.17,645.8,2517.67,11,12,11,1
20240601,2024-06,DACH-North,ppe,field-sales,9,549,1737.96,1166.44,571.52,1912.57,9,7,7,1
20240601,2024-06,DACH-North,ppe,phone,5,199,644.78,446.63,198.15,701.94,5,5,5,0
20240601,2024-06,DACH-South,abrasives,branch,5,402,370.43,245.38,125.05,438.54,5,4,4,0
20240601,2024-06,DACH-South,abrasives,e-shop,9,868,852.11,567.59,284.52,992.12,7,9,7,0
20240601,2024-06,DACH-South,abrasives,field-sales,9,482,486.37,314.33,172.04,554.69,9,9,9,0
20240601,2024-06,DACH-South,abrasives,phone,1,85,95.22,56.82,38.4,101.73,1,1,1,0
20240601,2024-06,DACH-South,chemicals,branch,3,282,1758.95,1043.95,715.0,1969.59,2,3,2,0
20240601,2024-06,DACH-South,chemicals,e-shop,11,432,2754.96,1534.7,1220.26,2910.34,11,10,10,1
20240601,2024-06,DACH-South,chemicals,field-sales,6,493,2943.01,1752.89,1190.12,3289.93,4,6,4,0
20240601,2024-06,DACH-South,chemicals,phone,2,55,360.44,202.45,157.99,368.06,2,2,2,0
20240601,2024-06,DACH-South,fasteners,branch,9,673,511.41,347.11,164.3,609.02,8,9,8,0
20240601,2024-06,DACH-South,fasteners,e-shop,17,788,658.61,418.75,239.86,730.07,17,17,17,0
20240601,2024-06,DACH-South,fasteners,field-sales,14,878,711.39,455.09,256.3,798.3,14,14,14,0
20240601,2024-06,DACH-South,fasteners,phone,1,52,43.67,26.26,17.41,46.46,1,1,1,0
20240601,2024-06,DACH-South,hand tools,branch,2,53,1335.28,884.24,451.04,1357.03,2,2,2,0
20240601,2024-06,DACH-South,hand tools,e-shop,11,522,11154.05,8042.65,3111.4,12477.8,10,11,10,0
20240601,2024-06,DACH-South,hand tools,field-sales,5,448,9962.68,7131.78,2830.9,10752.58,4,5,4,0
20240601,2024-06,DACH-South,hand tools,phone,2,204,4213.19,3561.71,651.48,5259.22,2,2,2,0
20240601,2024-06,DACH-South,power tools,branch,1,23,2620.16,2160.64,459.52,2977.46,1,1,1,0
20240601,2024-06,DACH-South,power tools,e-shop,9,709,93532.85,73104.51,20428.34,101773.48,9,9,9,0
20240601,2024-06,DACH-South,power tools,field-sales,9,1148,146766.67,121004.63,25762.04,169923.83,8,9,8,1
20240601,2024-06,DACH-South,power tools,phone,3,164,21989.44,16574.58,5414.86,22807.81,3,3,3,0
20240601,2024-06,DACH-South,ppe,branch,4,349,1136.84,788.22,348.62,1248.93,4,3,3,0
20240601,2024-06,DACH-South,ppe,e-shop,14,1379,4357.75,3113.48,1244.27,4928.17,12,14,12,0
20240601,2024-06,DACH-South,ppe,field-sales,7,418,1252.17,836.58,415.59,1379.96,4,6,3,2
20240601,2024-06,DACH-South,ppe,phone,4,167,546.75,340.89,205.86,546.75,3,4,3,0
20240601,2024-06,East,abrasives,branch,3,118,130.67,76.38,54.29,135.99,2,3,2,0
20240601,2024-06,East,abrasives,e-shop,5,222,232.21,140.96,91.25,249.59,5,5,5,1
20240601,2024-06,East,abrasives,field-sales,5,231,238.59,141.3,97.29,253.58,5,5,5,0
20240601,2024-06,East,abrasives,phone,3,217,220.89,126.23,94.66,226.26,3,3,3,0
20240601,2024-06,East,chemicals,branch,3,131,803.6,470.17,333.43,861.01,2,2,1,0
20240601,2024-06,East,chemicals,e-shop,6,163,1107.18,631.65,475.53,1164.12,5,5,4,0
20240601,2024-06,East,chemicals,field-sales,13,814,4872.33,2902.86,1969.47,5418.44,12,13,12,0
20240601,2024-06,East,chemicals,phone,3,79,472.33,275.02,197.31,517.45,3,1,1,0
20240601,2024-06,East,fasteners,branch,8,729,633.42,380.72,252.7,671.64,3,8,3,1
20240601,2024-06,East,fasteners,e-shop,20,807,687.75,423.82,263.93,729.85,19,20,19,1
20240601,2024-06,East,fasteners,field-sales,11,789,641.38,411.93,229.45,715.75,9,11,9,0
20240601,2024-06,East,fasteners,phone,2,110,86.6,58.47,28.13,101.69,2,2,2,0
20240601,2024-06,East,hand tools,branch,4,236,5521.91,3922.24,1599.67,5990.01,3,4,3,0
20240601,2024-06,East,hand tools,e-shop,4,230,5388.41,3620.06,1768.35,5575.0,4,4,4,0
20240601,2024-06,East,hand tools,field-sales,7,668,14367.82,10774.08,3593.74,16465.26,5,6,5,0
20240601,2024-06,East,hand tools,phone,2,79,1721.75,1296.51,425.24,1901.4,2,2,2,1
20240601,2024-06,East,power tools,branch,6,290,37272.52,29856.3,7416.22,40852.81,5,6,5,0
20240601,2024-06,East,power tools,e-shop,4,536,69545.78,55156.08,14389.7,78080.2,4,4,4,0
20240601,2024-06,East,power tools,field-sales,4,213,28053.51,22434.24,5619.27,30591.03,4,4,4,1
20240601,2024-06,East,power tools,phone,4,450,56224.61,44575.85,11648.76,63576.11,3,4,3,0
20240601,2024-06,East,ppe,branch,5,175,588.85,396.74,192.11,638.38,5,5,5,0
20240601,2024-06,East,ppe,e-shop,10,633,2078.08,1467.22,610.86,2365.46,10,10,10,1
20240601,2024-06,East,ppe,field-sales,5,330,1035.42,702.86,332.56,1133.86,4,5,4,0
20240601,2024-06,East,ppe,phone,2,521,1809.38,1189.65,619.73,1867.53,1,2,1,0
20240601,2024-06,Nordics,abrasives,branch,3,123,113.51,73.31,40.2,129.42,3,3,3,0
20240601,2024-06,Nordics,abrasives,e-shop,12,1088,1094.97,673.73,421.24,1211.47,10,12,10,0
20240601,2024-06,Nordics,abrasives,field-sales,4,320,266.37,185.85,80.52,328.01,4,4,4,0
20240601,2024-06,Nordics,abrasives,phone,2,265,259.16,173.48,85.68,303.0,2,2,2,0
20240601,2024-06,Nordics,chemicals,branch,5,605,3435.51,2152.07,1283.44,3978.01,4,5,4,1
20240601,2024-06,Nordics,chemicals,e-shop,7,583,3562.2,2149.06,1413.14,3942.54,4,7,4,1
20240601,2024-06,Nordics,chemicals,field-sales,2,294,1832.84,1201.73,631.11,2153.33,2,2,2,1
20240601,2024-06,Nordics,fasteners,branch,2,152,127.13,83.29,43.84,142.02,2,2,2,0
20240601,2024-06,Nordics,fasteners,e-shop,7,728,621.74,396.91,224.83,683.76,6,7,6,0
20240601,2024-06,Nordics,fasteners,field-sales,6,489,431.98,273.6,158.38,482.5,5,6,5,1
20240601,2024-06,Nordics,fasteners,phone,4,430,343.96,227.01,116.95,389.2,4,4,4,0
20240601,2024-06,Nordics,hand tools,branch,1,78,1713.17,1250.76,462.41,1814.8,1,1,1,0
20240601,2024-06,Nordics,hand tools,e-shop,6,632,13658.27,9996.99,3661.28,15398.55,4,6,4,0
20240601,2024-06,Nordics,hand tools,field-sales,3,343,6245.59,5025.92,1219.67,7588.1,3,2,2,1
20240601,2024-06,Nordics,power tools,branch,2,34,4561.76,3414.77,1146.99,4858.17,2,2,2,0
20240601,2024-06,Nordics,power tools,e-shop,4,709,91437.87,77244.68,14193.19,105685.18,4,4,4,0
20240601,2024-06,Nordics,power tools,field-sales,3,538,65722.45,56558.02,9164.43,76986.07,2,3,2,1
20240601,2024-06,Nordics,power tools,phone,2,56,7509.19,5878.93,1630.26,8353.86,1,2,1,0
20240601,2024-06,Nordics,ppe,branch,2,178,515.47,408.58,106.89,633.12,2,1,1,0
20240601,2024-06,Nordics,ppe,e-shop,7,805,2561.14,1718.42,842.72,2790.76,6,7,6,0
20240601,2024-06,Nordics,ppe,field-sales,8,1187,3335.22,2428.17,907.05,4010.59,8,6,6,1
20240601,2024-06,Nordics,ppe,phone,3,130,450.84,299.08,151.76,474.36,2,3,2,0
20240601,2024-06,West,abrasives,branch,4,285,293.2,180.09,113.11,330.38,4,4,4,0
20240601,2024-06,West,abrasives,e-shop,5,426,404.34,252.98,151.36,458.66,5,5,5,0
20240601,2024-06,West,abrasives,field-sales,3,114,122.44,72.86,49.58,131.02,3,3,3,0
20240601,2024-06,West,abrasives,phone,1,52,56.81,32.8,24.01,61.15,1,1,1,0
20240601,2024-06,West,chemicals,branch,7,284,1817.07,1035.63,781.44,1951.67,7,7,7,1
20240601,2024-06,West,chemicals,e-shop,3,84,561.19,317.1,244.09,585.06,3,3,3,0
20240601,2024-06,West,chemicals,field-sales,6,450,2767.23,1610.41,1156.82,3008.66,6,6,6,1
20240601,2024-06,West,chemicals,phone,1,252,1227.9,795.16,432.74,1497.43,0,1,0,0
20240601,2024-06,West,fasteners,branch,11,1168,976.65,656.93,319.72,1102.33,8,10,7,1
20240601,2024-06,West,fasteners,e-shop,14,921,816.09,520.42,295.67,906.65,14,14,14,0
20240601,2024-06,West,fasteners,field-sales,7,812,645.43,442.77,202.66,744.25,6,7,6,0
20240601,2024-06,West,fasteners,phone,3,398,310.75,208.59,102.16,357.31,3,3,3,0
20240601,2024-06,West,hand tools,branch,3,79,1847.28,1322.35,524.93,1975.51,1,3,1,0
20240601,2024-06,West,hand tools,e-shop,7,581,13135.07,9721.98,3413.09,14445.54,7,7,7,0
20240601,2024-06,West,hand tools,field-sales,2,245,4975.44,4076.53,898.91,6244.6,1,2,1,0
20240601,2024-06,West,power tools,branch,3,208,26377.38,23154.15,3223.23,32405.78,3,3,3,0
20240601,2024-06,West,power tools,e-shop,10,631,80820.02,64608.04,16211.98,88333.99,9,10,9,0
20240601,2024-06,West,power tools,field-sales,1,34,4421.52,3483.93,937.59,4769.71,0,1,0,0
20240601,2024-06,West,power tools,phone,2,189,24890.72,19579.97,5310.75,27848.17,1,2,1,0
20240601,2024-06,West,ppe,branch,2,51,189.43,116.3,73.13,190.39,2,2,2,0
20240601,2024-06,West,ppe,e-shop,7,421,1434.57,972.84,461.73,1545.56,7,7,7,0
20240601,2024-06,West,ppe,field-sales,4,97,318.21,203.93,114.28,335.85,2,4,2,0
20240601,2024-06,West,ppe,phone,2,72,240.69,160.68,80.01,248.21,2,1,1,0
20240701,2024-07,DACH-North,abrasives,branch,2,60,62.64,36.24,26.4,64.88,2,2,2,0
20240701,2024-07,DACH-North,abrasives,e-shop,12,695,661.16,399.57,261.59,725.17,12,12,12,1
20240701,2024-07,DACH-North,abrasives,field-sales,5,108,117.79,69.39,48.4,123.04,3,4,3,1
20240701,2024-07,DACH-North,abrasives,phone,2,98,108.59,67.1,41.49,118.28,2,2,2,0
20240701,2024-07,DACH-North,chemicals,branch,3,174,1097.25,621.61,475.64,1164.71,3,3,3,0
20240701,2024-07,DACH-North,chemicals,e-shop,7,967,5633.21,3556.23,2076.98,6608.76,7,7,7,0
20240701,2024-07,DACH-North,chemicals,field-sales,5,657,3750.57,2453.67,1296.9,4423.85,5,4,4,0
20240701,2024-07,DACH-North,chemicals,phone,2,354,1902.84,1196.13,706.71,2199.38,2,2,2,1
20240701,2024-07,DACH-North,fasteners,branch,7,490,389.54,258.46,131.08,438.04,5,6,5,0
20240701,2024-07,DACH-North,fasteners,e-shop,11,1005,765.51,518.68,246.83,891.58,11,11,11,0
20240701,2024-07,DACH-North,fasteners,field-sales,18,1962,1531.9,1008.39,523.51,1750.82,17,17,16,0
20240701,2024-07,DACH-North,fasteners,phone,1,273,188.27,126.21,62.06,226.29,1,1,1,0
20240701,2024-07,DACH-North,hand tools,branch,4,207,4556.89,3381.97,1174.92,5254.76,4,4,4,0
20240701,2024-07,DACH-North,hand tools,e-shop,3,96,2345.56,1699.09,646.47,2499.24,2,3,2,0
20240701,2024-07,DACH-North,hand tools,field-sales,2,52,1322.73,911.78,410.95,1383.27,1,2,1,0
20240701,2024-07,DACH-North,hand tools,phone,2,96,2317.82,1624.29,693.53,2431.96,2,2,2,0
20240701,2024-07,DACH-North,power tools,branch,1,68,7599.17,6302.25,1296.92,9046.63,1,1,1,0
20240701,2024-07,DACH-North,power tools,e-shop,1,26,3877.07,2661.55,1215.52,3877.07,1,1,1,0
20240701,2024-07,DACH-North,power tools,field-sales,3,70,10008.45,7801.97,2206.48,10790.88,3,2,2,0
20240701,2024-07,DACH-North,power tools,phone,2,189,25964.7,20091.78,5872.92,27750.61,2,2,2,0
20240701,2024-07,DACH-North,ppe,branch,3,218,712.76,489.33,223.43,805.42,2,3,2,0
20240701,2024-07,DACH-North,ppe,e-shop,5,247,787.46,520.15,267.31,846.12,5,5,5,0
20240701,2024-07,DACH-North,ppe,field-sales,6,207,654.19,443.36,210.83,719.85,6,5,5,0
20240701,2024-07,DACH-North,ppe,phone,6,1021,2779.56,2087.97,691.59,3372.71,5,5,4,0
20240701,2024-07,DACH-South,abrasives,branch,2,269,268.08,158.22,109.86,273.69,2,1,1,0
20240701,2024-07,DACH-South,abrasives,e-shop,11,1107,1078.83,662.6,416.23,1186.13,11,11,11,0
20240701,2024-07,DACH-South,abrasives,field-sales,5,210,224.0,131.7,92.3,238.33,4,5,4,0
20240701,2024-07,DACH-South,abrasives,phone,4,571,524.23,333.67,190.56,603.2,4,4,4,0
20240701,2024-07,DACH-South,chemicals,branch,2,133,875.36,488.35,387.01,919.51,2,2,2,0
20240701,2024-07,DACH-South,chemicals,e-shop,6,322,1927.83,1100.99,826.84,2073.58,6,5,5,1
20240701,2024-07,DACH-South,chemicals,field-sales,7,645,3883.89,2286.87,1597.02,4149.73,7,7,7,1
20240701,2024-07,DACH-South,fasteners,branch,6,547,447.18,295.33,151.85,511.8,5,6,5,1
20240701,2024-07,DACH-South,fasteners,e-shop,21,2039,1668.92,1074.08,594.84,1848.53,21,19,19,0
20240701,2024-07,DACH-South,fasteners,field-sales,13,1315,1088.66,705.4,383.26,1230.05,13,12,12,0
20240701,2024-07,DACH-South,fasteners,phone,2,375,339.05,203.21,135.84,357.93,2,2,2,0
20240701,2024-07,DACH-South,hand tools,branch,4,246,5264.04,3821.58,1442.46,5744.78,4,4,4,0
20240701,2024-07,DACH-South,hand tools,e-shop,9,789,17146.82,13202.05,3944.77,19414.69,6,9,6,0
20240701,2024-07,DACH-South,hand tools,field-sales,7,601,14097.3,10155.38,3941.92,15474.11,6,7,6,0
20240701,2024-07,DACH-South,hand tools,phone,2,72,1722.04,1171.97,550.07,1784.37,2,2,2,0
20240701,2024-07,DACH-South,power tools,branch,3,400,48269.54,41083.09,7186.45,57623.27,3,3,3,0
20240701,2024-07,DACH-South,power tools,e-shop,5,283,35337.64,28398.34,6939.3,39118.73,5,5,5,0
20240701,2024-07,DACH-South,power tools,field-sales,6,312,42200.09,31911.33,10288.76,44237.44,5,6,5,1
20240701,2024-07,DACH-South,power tools,phone,1,84,12733.12,9269.44,3463.68,13006.25,1,1,1,0
20240701,2024-07,DACH-South,ppe,branch,6,389,1330.44,890.22,440.22,1402.71,6,6,6,0
20240701,2024-07,DACH-South,ppe,e-shop,9,695,2114.87,1497.4,617.47,2460.56,9,9,9,0
20240701,2024-07,DACH-South,ppe,field-sales,6,345,1137.68,778.37,359.31,1244.68,6,6,6,0
20240701,2024-07,DACH-South,ppe,phone,2,192,613.11,425.17,187.94,673.77,2,2,2,0
20240701,2024-07,East,abrasives,branch,5,252,257.84,152.15,105.69,267.15,4,5,4,0
20240701,2024-07,East,abrasives,e-shop,12,670,665.39,419.11,246.28,756.45,11,10,10,1
20240701,2024-07,East,abrasives,field-sales,6,665,643.84,387.95,255.89,716.27,5,6,5,0
20240701,2024-07,East,abrasives,phone,3,275,288.71,178.08,110.63,311.66,3,3,3,0
20240701,2024-07,East,chemicals,branch,2,35,231.55,124.96,106.59,234.89,1,1,0,0
20240701,2024-07,East,chemicals,e-shop,10,521,3225.22,1917.67,1307.55,3576.66,9,10,9,0
20240701,2024-07,East,chemicals,field-sales,10,625,4193.0,2367.01,1825.99,4418.63,8,9,7,0
20240701,2024-07,East,chemicals,phone,3,53,276.78,177.69,99.09,339.81,3,3,3,0
20240701,2024-07,East,fasteners,branch,5,485,381.62,267.03,114.59,445.8,5,4,4,0
20240701,2024-07,East,fasteners,e-shop,12,751,609.2,389.53,219.67,675.35,9,12,9,1
20240701,2024-07,East,fasteners,field-sales,9,305,248.63,155.72,92.91,271.96,8,8,7,0
20240701,2024-07,East,fasteners,phone,4,434,325.17,210.84,114.33,376.54,4,4,4,0
20240701,2024-07,East,hand tools,branch,2,374,7820.1,5765.02,2055.08,9022.24,2,2,2,0
20240701,2024-07,East,hand tools,e-shop,6,248,5417.94,4093.66,1324.28,6147.05,5,6,5,0
20240701,2024-07,East,hand tools,field-sales,3,120,2810.52,1964.45,846.07,2911.81,3,3,3,1
20240701,2024-07,East,power tools,branch,2,310,37810.61,33873.76,3936.85,45530.18,2,2,2,0
20240701,2024-07,East,power tools,e-shop,2,287,40379.99,30915.38,9464.61,43839.39,2,2,2,0
20240701,2024-07,East,power tools,field-sales,4,167,22298.45,17593.24,4705.21,23797.02,3,4,3,0
20240701,2024-07,East,ppe,branch,3,220,597.63,461.2,136.43,731.51,3,3,3,1
20240701,2024-07,East,ppe,e-shop,4,223,648.8,438.75,210.05,709.97,4,4,4,1
20240701,2024-07,East,ppe,field-sales,3,159,540.56,367.82,172.74,587.55,2,3,2,0
20240701,2024-07,East,ppe,phone,5,187,590.46,378.15,212.31,621.0,5,5,5,0
20240701,2024-07,Nordics,abrasives,branch,5,208,222.05,127.4,94.65,228.95,4,5,4,0
20240701,2024-07,Nordics,abrasives,e-shop,7,1270,1158.96,794.18,364.78,1396.8,6,7,6,0
20240701,2024-07,Nordics,abrasives,field-sales,8,1043,1077.6,659.5,418.1,1170.09,8,8,8,0
20240701,2024-07,Nordics,abrasives,phone,1,45,50.09,29.04,21.05,51.01,1,1,1,0
20240701,2024-07,Nordics,chemicals,branch,6,411,2491.09,1558.94,932.15,2816.8,4,6,4,1
20240701,2024-07,Nordics,chemicals,e-shop,4,427,2485.94,1620.84,865.1,2948.78,3,4,3,1
20240701,2024-07,Nordics,chemicals,field-sales,7,967,5370.73,3340.85,2029.88,6171.11,7,7,7,0
20240701,2024-07,Nordics,fasteners,branch,8,878,745.68,471.03,274.65,838.47,7,7,7,1
20240701,2024-07,Nordics,fasteners,e-shop,15,1461,1172.16,770.1,402.06,1304.74,14,13,12,1
20240701,2024-07,Nordics,fasteners,field-sales,8,660,544.3,342.47,201.83,590.46,6,8,6,1
20240701,2024-07,Nordics,fasteners,phone,2,68,61.3,36.3,25.0,63.71,2,2,2,0
20240701,2024-07,Nordics,hand tools,branch,3,112,2572.54,1744.65,827.89,2685.89,3,2,2,0
20240701,2024-07,Nordics,hand tools,e-shop,5,402,8833.03,6008.76,2824.27,9194.39,5,5,5,0
20240701,2024-07,Nordics,hand tools,field-sales,4,681,14959.4,11211.98,3747.42,17407.74,3,4,3,0
20240701,2024-07,Nordics,hand tools,phone,3,226,4703.91,3455.19,1248.72,5404.24,3,3,3,0
20240701,2024-07,Nordics,power tools,e-shop,10,516,67413.05,53200.52,14212.53,73551.36,9,9,8,0
20240701,2024-07,Nordics,power tools,field-sales,7,530,73413.56,56702.68,16710.88,80303.6,6,6,5,0
20240701,2024-07,Nordics,power tools,phone,1,57,7915.37,6600.1,1315.27,8736.61,1,1,1,0
20240701,2024-07,Nordics,ppe,branch,2,72,239.47,166.59,72.88,258.77,2,2,2,1
20240701,2024-07,Nordics,ppe,e-shop,7,484,1537.05,1015.25,521.8,1668.35,7,7,7,0
20240701,2024-07,Nordics,ppe,field-sales,5,252,769.1,521.37,247.73,841.66,4,5,4,0
20240701,2024-07,West,abrasives,branch,4,267,277.81,183.49,94.32,320.0,4,4,4,0
20240701,2024-07,West,abrasives,e-shop,7,379,384.14,248.41,135.73,445.11,7,7,7,1
20240701,2024-07,West,abrasives,field-sales,4,361,347.11,220.82,126.29,385.54,3,4,3,0
20240701,2024-07,West,abrasives,phone,2,522,487.31,343.51,143.8,624.06,2,2,2,0
20240701,2024-07,West,chemicals,branch,1,101,667.27,363.32,303.95,706.86,1,1,1,0
20240701,2024-07,West,chemicals,e-shop,6,300,1910.97,1137.87,773.1,2059.07,5,6,5,0
20240701,2024-07,West,chemicals,field-sales,6,300,1803.4,1047.53,755.87,1958.1,6,5,5,0
20240701,2024-07,West,fasteners,branch,6,303,258.93,167.38,91.55,285.51,5,6,5,0
20240701,2024-07,West,fasteners,e-shop,10,791,661.38,427.42,233.96,729.66,9,10,9,0
20240701,2024-07,West,fasteners,field-sales,6,482,381.2,258.99,122.21,439.7,4,5,3,0
20240701,2024-07,West,fasteners,phone,3,253,208.47,135.12,73.35,232.18,3,3,3,0
20240701,2024-07,West,hand tools,branch,1,9,209.56,145.85,63.71,212.75,1,1,1,0
20240701,2024-07,West,hand tools,e-shop,4,204,4520.24,3240.13,1280.11,4885.26,4,4,4,0
20240701,2024-07,West,hand tools,field-sales,4,327,7740.65,5897.55,1843.1,8661.38,3,4,3,0
20240701,2024-07,West,hand tools,phone,1,43,950.02,656.53,293.49,950.02,1,1,1,0
20240701,2024-07,West,power tools,branch,2,93,13795.71,10244.66,3551.05,14627.91,2,2,2,0
20240701,2024-07,West,power tools,e-shop,5,173,22393.83,16873.53,5520.3,23475.98,5,5,5,1
20240701,2024-07,West,power tools,field-sales,5,352,44995.13,35388.36,9606.77,49813.86,5,5,5,0
20240701,2024-07,West,power tools,phone,2,93,13718.1,10552.43,3165.67,14354.62,2,2,2,0
20240701,2024-07,West,ppe,branch,3,203,654.38,416.55,237.83,684.63,3,3,3,0
20240701,2024-07,West,ppe,e-shop,5,342,1028.63,759.46,269.17,1223.89,4,5,4,0
20240701,2024-07,West,ppe,field-sales,10,953,3186.11,2180.1,1006.01,3489.13,8,10,8,1
20240701,2024-07,West,ppe,phone,1,29,91.77,56.33,35.44,94.41,1,1,1,0
20240801,2024-08,DACH-North,abrasives,branch,3,212,243.9,142.42,101.48,259.75,2,3,2,0
20240801,2024-08,DACH-North,abrasives,e-shop,6,599,565.61,364.02,201.59,633.14,6,6,6,1
20240801,2024-08,DACH-North,abrasives,field-sales,4,123,135.92,77.32,58.6,142.73,3,3,2,0
20240801,2024-08,DACH-North,chemicals,branch,6,270,1703.39,985.7,717.69,1818.87,6,5,5,0
20240801,2024-08,DACH-North,chemicals,e-shop,15,1858,10593.43,6642.03,3951.4,12407.54,13,14,12,0
20240801,2024-08,DACH-North,chemicals,field-sales,6,302,1916.68,1097.54,819.14,2001.66,4,6,4,0
20240801,2024-08,DACH-North,chemicals,phone,3,595,3093.1,1926.19,1166.91,3645.73,3,3,3,0
20240801,2024-08,DACH-North,fasteners,branch,9,832,675.7,438.54,237.16,766.37,7,9,7,1
20240801,2024-08,DACH-North,fasteners,e-shop,9,763,640.0,392.88,247.12,687.95,7,9,7,0
20240801,2024-08,DACH-North,fasteners,field-sales,6,235,212.59,133.57,79.02,227.94,5,5,4,0
20240801,2024-08,DACH-North,fasteners,phone,8,475,402.85,263.05,139.8,454.01,8,8,8,0
20240801,2024-08,DACH-North,hand tools,branch,3,70,1486.81,1066.09,420.72,1586.43,2,3,2,0
20240801,2024-08,DACH-North,hand tools,e-shop,5,558,11739.9,8423.02,3316.88,12966.51,5,5,5,0
20240801,2024-08,DACH-North,hand tools,field-sales,5,591,12373.0,9480.62,2892.38,14449.16,5,5,5,0
20240801,2024-08,DACH-North,power tools,branch,2,284,37642.24,30055.32,7586.92,43328.88,2,2,2,0
20240801,2024-08,DACH-North,power tools,e-shop,9,316,41130.46,32452.54,8677.92,44948.96,8,9,8,2
20240801,2024-08,DACH-North,power tools,field-sales,4,379,46218.07,37797.12,8420.95,53147.57,4,4,4,0
20240801,2024-08,DACH-North,power tools,phone,1,310,37784.54,32702.22,5082.32,44928.11,1,1,1,0
20240801,2024-08,DACH-North,ppe,branch,4,774,2312.96,1707.54,605.42,2663.5,4,4,4,0
20240801,2024-08,DACH-North,ppe,e-shop,5,703,2392.55,1669.47,723.08,2630.67,5,5,5,0
20240801,2024-08,DACH-North,ppe,field-sales,5,388,1079.44,771.39,308.05,1264.09,5,5,5,0
20240801,2024-08,DACH-North,ppe,phone,2,287,916.29,622.1,294.19,1042.83,2,2,2,0
20240801,2024-08,DACH-South,abrasives,e-shop,7,652,696.36,424.22,272.14,749.28,7,7,7,1
20240801,2024-08,DACH-South,abrasives,field-sales,12,808,786.76,494.1,292.66,874.06,11,12,11,0
20240801,2024-08,DACH-South,abrasives,phone,1,24,24.4,14.59,9.81,27.26,0,1,0,1
20240801,2024-08,DACH-South,chemicals,branch,6,301,1926.36,1082.64,843.72,1988.84,4,6,4,1
20240801,2024-08,DACH-South,chemicals,e-shop,6,831,4636.07,2767.45,1868.62,5213.21,5,5,4,0
20240801,2024-08,DACH-South,chemicals,field-sales,7,406,2319.93,1378.05,941.88,2546.96,5,6,5,0
20240801,2024-08,DACH-South,chemicals,phone,3,89,478.48,305.39,173.09,585.11,3,3,3,0
20240801,2024-08,DACH-South,fasteners,branch,7,680,525.07,358.49,166.58,619.71,7,7,7,0
20240801,2024-08,DACH-South,fasteners,e-shop,23,1373,1103.63,720.57,383.06,1245.04,21,22,20,0
20240801,2024-08,DACH-South,fasteners,field-sales,11,684,630.72,381.7,249.02,656.86,10,11,10,1
20240801,2024-08,DACH-South,fasteners,phone,5,228,190.38,113.12,77.26,198.62,4,5,4,0
20240801,2024-08,DACH-South,hand tools,branch,2,85,2026.42,1369.27,657.15,2066.95,2,2,2,0
20240801,2024-08,DACH-South,hand tools,e-shop,4,771,16570.49,12187.88,4382.61,18354.38,4,4,4,0
20240801,2024-08,DACH-South,hand tools,field-sales,5,340,6939.87,5044.59,1895.28,7809.42,5,5,5,0
20240801,2024-08,DACH-South,hand tools,phone,2,50,1167.85,788.15,379.7,1185.85,1,2,1,0
20240801,2024-08,DACH-South,power tools,branch,1,42,5582.65,4073.94,1508.71,5708.23,1,0,0,0
20240801,2024-08,DACH-South,power tools,e-shop,11,846,114799.01,92592.65,22206.36,128579.76,11,10,10,1
20240801,2024-08,DACH-South,power tools,field-sales,7,230,30610.43,23286.26,7324.17,32554.31,7,6,6,1
20240801,2024-08,DACH-South,power tools,phone,1,36,5424.44,4226.8,1197.64,5709.93,1,1,1,0
20240801,2024-08,DACH-South,ppe,branch,5,494,1650.72,1121.81,528.91,1797.0,5,5,5,0
20240801,2024-08,DACH-South,ppe,e-shop,9,666,2000.76,1371.25,629.51,2191.74,9,9,9,1
20240801,2024-08,DACH-South,ppe,field-sales,3,229,699.33,446.38,252.95,747.21,2,3,2,0
20240801,2024-08,DACH-South,ppe,phone,1,195,515.38,382.89,132.49,599.27,1,1,1,0
20240801,2024-08,East,abrasives,branch,6,292,279.34,169.39,109.95,305.33,6,6,6,0
20240801,2024-08,East,abrasives,e-shop,6,470,499.75,320.49,179.26,559.17,6,6,6,0
20240801,2024-08,East,abrasives,field-sales,6,511,513.41,318.47,194.94,580.62,4,6,4,2
20240801,2024-08,East,abrasives,phone,3,263,287.14,179.24,107.9,325.1,3,2,2,0
20240801,2024-08,East,chemicals,branch,7,282,1715.18,1007.14,708.04,1879.19,6,6,5,0
20240801,2024-08,East,chemicals,e-shop,7,381,2409.28,1429.78,979.5,2607.57,7,7,7,0
20240801,2024-08,East,chemicals,field-sales,9,595,3637.43,2200.99,1436.44,4027.26,9,9,9,1
20240801,2024-08,East,chemicals,phone,5,230,1312.03,803.97,508.06,1483.05,4,4,4,0
20240801,2024-08,East,fasteners,branch,7,551,475.18,306.04,169.14,519.68,5,7,5,0
20240801,2024-08,East,fasteners,e-shop,9,485,433.69,268.82,164.87,461.63,8,9,8,0
20240801,2024-08,East,fasteners,field-sales,10,768,583.49,397.75,185.74,692.21,9,9,8,0
20240801,2024-08,East,fasteners,phone,4,222,196.49,122.18,74.31,211.87,4,4,4,0
20240801,2024-08,East,hand tools,branch,3,372,7935.71,6123.39,1812.32,9201.0,2,3,2,0
20240801,2024-08,East,hand tools,e-shop,9,1229,25563.82,19176.77,6387.05,28823.06,9,9,9,0
20240801,2024-08,East,hand tools,field-sales,4,412,8641.84,6242.4,2399.44,9522.93,4,4,4,1
20240801,2024-08,East,hand tools,phone,3,274,6292.97,4734.3,1558.67,7057.35,2,3,2,0
20240801,2024-08,East,power tools,e-shop,2,48,7075.85,5210.83,1865.02,7266.16,2,2,2,0
20240801,2024-08,East,power tools,field-sales,3,337,42981.01,33904.27,9076.74,46979.43,3,3,3,0
20240801,2024-08,East,ppe,branch,4,240,742.66,527.28,215.38,842.97,4,3,3,0
20240801,2024-08,East,ppe,e-shop,7,321,1028.93,689.7,339.23,1117.02,6,7,6,0
20240801,2024-08,East,ppe,field-sales,3,168,565.06,376.82,188.24,611.47,2,3,2,0
20240801,2024-08,Nordics,abrasives,branch,3,264,274.85,174.54,100.31,317.47,2,3,2,0
20240801,2024-08,Nordics,abrasives,e-shop,7,956,894.11,581.34,312.77,1027.85,6,7,6,1
20240801,2024-08,Nordics,abrasives,field-sales,4,717,693.2,450.74,242.46,807.7,4,4,4,0
20240801,2024-08,Nordics,chemicals,branch,1,74,503.52,281.27,222.25,525.04,1,1,1,0
20240801,2024-08,Nordics,chemicals,e-shop,9,557,3443.68,2131.51,1312.17,3846.77,8,8,7,0
20240801,2024-08,Nordics,chemicals,field-sales,5,657,3909.0,2426.79,1482.21,4485.97,5,5,5,1
20240801,2024-08,Nordics,chemicals,phone,1,33,206.15,114.23,91.92,206.15,1,0,0,0
20240801,2024-08,Nordics,fasteners,branch,2,82,70.16,43.45,26.71,73.24,2,2,2,0
20240801,2024-08,Nordics,fasteners,e-shop,7,335,308.07,183.21,124.86,314.9,6,6,5,0
20240801,2024-08,Nordics,fasteners,field-sales,12,801,644.76,422.67,222.09,734.94,11,11,10,0
20240801,2024-08,Nordics,fasteners,phone,5,464,404.07,258.83,145.24,451.02,4,5,4,0
20240801,2024-08,Nordics,hand tools,branch,2,83,1766.96,1229.6,537.36,1909.21,2,2,2,0
20240801,2024-08,Nordics,hand tools,e-shop,3,404,8812.71,7008.43,1804.28,10181.63,2,3,2,0
20240801,2024-08,Nordics,hand tools,field-sales,3,180,3985.88,2915.33,1070.55,4447.03,3,3,3,0
20240801,2024-08,Nordics,hand tools,phone,1,24,554.27,366.19,188.08,576.17,1,1,1,0
20240801,2024-08,Nordics,power tools,e-shop,3,121,16938.01,13619.1,3318.91,18231.32,3,3,3,0
20240801,2024-08,Nordics,power tools,field-sales,6,536,63059.29,54045.27,9014.02,73789.68,5,6,5,0
20240801,2024-08,Nordics,power tools,phone,2,63,9970.37,7136.3,2834.07,9971.68,2,2,2,0
20240801,2024-08,Nordics,ppe,e-shop,2,146,463.36,304.7,158.66,485.21,2,2,2,0
20240801,2024-08,Nordics,ppe,field-sales,7,1112,3386.77,2490.74,896.03,4067.73,7,7,7,0
20240801,2024-08,West,abrasives,branch,5,383,402.13,238.35,163.78,437.12,4,5,4,0
20240801,2024-08,West,abrasives,e-shop,4,253,258.35,159.4,98.95,280.02,3,4,3,0
20240801,2024-08,West,abrasives,field-sales,2,69,72.21,46.16,26.05,79.15,2,2,2,1
20240801,2024-08,West,abrasives,phone,2,53,49.94,29.93,20.01,53.9,2,2,2,0
20240801,2024-08,West,chemicals,branch,1,44,287.22,180.42,106.8,323.09,1,1,1,0
20240801,2024-08,West,chemicals,e-shop,4,305,2012.49,1136.45,876.04,2133.54,3,4,3,0
20240801,2024-08,West,chemicals,field-sales,2,313,1677.2,1026.33,650.87,1915.32,2,2,2,0
20240801,2024-08,West,chemicals,phone,1,64,467.17,255.6,211.57,473.32,1,1,1,0
20240801,2024-08,West,fasteners,branch,3,315,264.38,184.19,80.19,312.09,3,3,3,0
20240801,2024-08,West,fasteners,e-shop,10,1243,956.04,642.92,313.12,1127.12,9,10,9,1
20240801,2024-08,West,fasteners,field-sales,15,1575,1237.78,828.88,408.9,1401.46,14,14,13,2
20240801,2024-08,West,fasteners,phone,2,418,311.77,223.16,88.61,372.32,2,2,2,0
20240801,2024-08,West,hand tools,branch,1,54,1079.62,767.68,311.94,1172.23,1,1,1,0
20240801,2024-08,West,hand tools,e-shop,2,105,2473.18,1856.94,616.24,2823.82,1,2,1,0
20240801,2024-08,West,hand tools,field-sales,2,43,964.82,702.89,261.93,1089.0,2,2,2,0
20240801,2024-08,West,hand tools,phone,1,55,1464.81,951.74,513.07,1464.81,1,1,1,0
20240801,2024-08,West,power tools,branch,2,224,29898.98,23471.2,6427.78,32796.0,2,2,2,0
20240801,2024-08,West,power tools,e-shop,2,98,14229.33,11249.19,2980.14,15295.48,1,2,1,0
20240801,2024-08,West,power tools,field-sales,2,120,15148.7,11828.63,3320.07,16230.5,1,2,1,0
20240801,2024-08,West,power tools,phone,4,155,22214.41,16841.57,5372.84,23567.94,4,4,4,0
20240801,2024-08,West,ppe,branch,2,23,73.24,46.69,26.55,78.24,2,2,2,0
20240801,2024-08,West,ppe,e-shop,3,371,1151.38,876.64,274.74,1362.23,3,1,1,0
20240801,2024-08,West,ppe,field-sales,3,83,287.77,180.32,107.45,297.0,3,2,2,0
20240801,2024-08,West,ppe,phone,1,262,641.42,519.13,122.29,808.85,1,1,1,0
20240901,2024-09,DACH-North,abrasives,branch,6,379,384.07,232.44,151.63,416.23,5,6,5,0
20240901,2024-09,DACH-North,abrasives,e-shop,6,629,629.92,415.96,213.96,739.42,4,6,4,0
20240901,2024-09,DACH-North,abrasives,field-sales,10,1025,953.05,626.17,326.88,1148.75,10,10,10,0
20240901,2024-09,DACH-North,abrasives,phone,5,501,488.87,312.69,176.18,566.87,3,5,3,0
20240901,2024-09,DACH-North,chemicals,branch,6,271,1484.84,939.05,545.79,1728.42,5,6,5,0
20240901,2024-09,DACH-North,chemicals,e-shop,5,533,3580.52,2025.18,1555.34,3750.56,4,4,3,0
20240901,2024-09,DACH-North,chemicals,field-sales,7,576,3470.8,2092.1,1378.7,3822.18,4,7,4,1
20240901,2024-09,DACH-North,chemicals,phone,6,294,1861.07,1060.38,800.69,1982.23,6,5,5,0
20240901,2024-09,DACH-North,fasteners,branch,15,1378,1103.45,738.12,365.33,1270.35,12,15,12,0
20240901,2024-09,DACH-North,fasteners,e-shop,11,1011,822.89,526.4,296.49,925.57,10,11,10,0
20240901,2024-09,DACH-North,fasteners,field-sales,16,1145,972.13,641.07,331.06,1090.95,16,15,15,0
20240901,2024-09,DACH-North,fasteners,phone,4,554,477.79,309.28,168.51,530.71,3,4,3,0
20240901,2024-09,DACH-North,hand tools,branch,7,1031,19933.71,16086.84,3846.87,24163.07,6,7,6,0
20240901,2024-09,DACH-North,hand tools,e-shop,2,41,909.73,612.34,297.39,939.21,2,2,2,0
20240901,2024-09,DACH-North,hand tools,field-sales,4,623,13587.2,10349.89,3237.31,15675.54,4,4,4,0
20240901,2024-09,DACH-North,hand tools,phone,1,72,1737.93,1258.41,479.52,1970.44,1,1,1,0
20240901,2024-09,DACH-North,power tools,branch,1,31,3850.92,2948.88,902.04,4003.04,1,1,1,0
20240901,2024-09,DACH-North,power tools,e-shop,5,588,67827.46,56633.81,11193.65,78748.14,4,5,4,0
20240901,2024-09,DACH-North,power tools,field-sales,7,484,60108.88,48800.82,11308.06,67481.79,5,7,5,0
20240901,2024-09,DACH-North,ppe,branch,5,410,1441.31,995.78,445.53,1572.37,5,5,5,0
20240901,2024-09,DACH-North,ppe,e-shop,11,1624,4793.46,3443.76,1349.7,5507.43,11,11,11,0
20240901,2024-09,DACH-North,ppe,field-sales,8,640,1947.82,1325.49,622.33,2126.13,7,8,7,0
20240901,2024-09,DACH-North,ppe,phone,2,28,97.56,62.1,35.46,101.18,2,2,2,0
20240901,2024-09,DACH-South,abrasives,branch,4,240,259.22,152.64,106.58,273.77,2,4,2,0
20240901,2024-09,DACH-South,abrasives,e-shop,8,535,560.03,342.19,217.84,616.96,6,8,6,0
20240901,2024-09,DACH-South,abrasives,field-sales,5,564,531.85,344.5,187.35,620.1,5,5,5,0
20240901,2024-09,DACH-South,abrasives,phone,3,426,435.66,267.37,168.29,461.12,3,2,2,0
20240901,2024-09,DACH-South,chemicals,branch,4,309,1742.64,1113.03,629.61,2064.04,3,4,3,0
20240901,2024-09,DACH-South,chemicals,e-shop,11,482,2929.02,1676.28,1252.74,3100.19,10,11,10,0
20240901,2024-09,DACH-South,chemicals,field-sales,10,765,4555.81,2728.84,1826.97,5138.24,8,9,7,0
20240901,2024-09,DACH-South,chemicals,phone,2,220,1215.68,700.61,515.07,1344.26,2,1,1,0
20240901,2024-09,DACH-South,fasteners,branch,6,462,404.2,256.52,147.68,445.75,4,6,4,0
20240901,2024-09,DACH-South,fasteners,e-shop,26,2696,2103.18,1428.28,674.9,2432.34,23,26,23,3
20240901,2024-09,DACH-South,fasteners,field-sales,16,896,744.12,480.28,263.84,829.52,12,15,11,0
20240901,2024-09,DACH-South,fasteners,phone,4,185,158.04,104.05,53.99,173.78,4,4,4,0
20240901,2024-09,DACH-South,hand tools,branch,3,501,10129.44,7661.0,2468.44,11513.03,2,3,2,0
20240901,2024-09,DACH-South,hand tools,e-shop,7,522,11352.7,8483.3,2869.4,12504.51,4,7,4,0
20240901,2024-09,DACH-South,hand tools,field-sales,10,920,19237.13,14329.7,4907.43,21758.92,9,9,8,1
20240901,2024-09,DACH-South,hand tools,phone,2,41,846.3,649.79,196.51,967.29,2,2,2,0
20240901,2024-09,DACH-South,power tools,branch,2,176,23235.41,18209.69,5025.72,25982.29,2,2,2,0
20240901,2024-09,DACH-South,power tools,e-shop,11,855,110649.16,91937.22,18711.94,126304.45,10,11,10,0
20240901,2024-09,DACH-South,power tools,field-sales,12,1131,139164.18,114872.79,24291.39,161753.38,10,11,9,2
20240901,2024-09,DACH-South,power tools,phone,5,292,36091.14,30068.13,6023.01,41267.78,5,5,5,1
20240901,2024-09,DACH-South,ppe,branch,5,298,970.83,651.5,319.33,1070.0,4,5,4,0
20240901,2024-09,DACH-South,ppe,e-shop,12,988,3114.25,2195.59,918.66,3561.24,11,12,11,1
20240901,2024-09,DACH-South,ppe,field-sales,9,672,2135.98,1437.97,698.01,2300.96,7,9,7,0
20240901,2024-09,DACH-South,ppe,phone,3,75,256.2,162.56,93.64,264.91,2,3,2,0
20240901,2024-09,East,abrasives,branch,12,805,866.32,511.4,354.92,923.61,11,12,11,1
20240901,2024-09,East,abrasives,e-shop,9,384,392.45,236.34,156.11,426.24,9,9,9,0
20240901,2024-09,East,abrasives,field-sales,12,743,774.19,483.19,291.0,858.02,9,12,9,0
20240901,2024-09,East,abrasives,phone,6,277,280.54,168.49,112.05,298.59,6,6,6,0
20240901,2024-09,East,chemicals,branch,7,459,2919.79,1669.28,1250.51,3129.6,5,7,5,0
20240901,2024-09,East,chemicals,e-shop,8,422,2605.26,1476.67,1128.59,2760.28,6,6,4,0
20240901,2024-09,East,chemicals,field-sales,5,179,1076.38,626.02,450.36,1166.27,5,5,5,0
20240901,2024-09,East,chemicals,phone,2,75,524.63,296.87,227.76,543.59,2,1,1,0
20240901,2024-09,East,fasteners,branch,13,643,565.66,348.3,217.36,610.17,11,13,11,1
20240901,2024-09,East,fasteners,e-shop,15,1212,1004.3,645.99,358.31,1119.47,11,15,11,0
20240901,2024-09,East,fasteners,field-sales,15,1393,1176.03,762.15,413.88,1325.49,11,15,11,1
20240901,2024-09,East,fasteners,phone,4,290,207.9,141.07,66.83,245.77,3,4,3,0
20240901,2024-09,East,hand tools,branch,2,75,1804.27,1247.14,557.13,1856.92,2,2,2,0
20240901,2024-09,East,hand tools,e-shop,8,817,19281.16,14346.38,4934.78,21432.53,6,8,6,0
20240901,2024-09,East,hand tools,field-sales,5,306,7225.31,5208.89,2016.42,7793.5,4,4,3,0
20240901,2024-09,East,hand tools,phone,2,114,2706.61,1959.65,746.96,3031.63,1,2,1,0
20240901,2024-09,East,power tools,branch,2,57,8417.19,6520.69,1896.5,8982.06,2,1,1,1
20240901,2024-09,East,power tools,e-shop,6,338,44943.96,34776.3,10167.66,48536.79,5,5,4,0
20240901,2024-09,East,power tools,field-sales,4,245,31257.34,25816.32,5441.02,35316.93,3,4,3,0
20240901,2024-09,East,power tools,phone,1,45,5744.72,4235.46,1509.26,6072.64,1,1,1,0
20240901,2024-09,East,ppe,branch,6,357,1157.81,819.34,338.47,1307.35,4,4,2,0
20240901,2024-09,East,ppe,e-shop,10,632,1919.79,1407.68,512.11,2258.1,9,9,8,0
20240901,2024-09,East,ppe,field-sales,10,664,2094.33,1444.7,649.63,2363.45,7,10,7,0
20240901,2024-09,Nordics,abrasives,branch,6,649,638.1,392.55,245.55,704.87,4,5,3,0
20240901,2024-09,Nordics,abrasives,e-shop,7,1336,1270.33,810.92,459.41,1503.3,6,5,5,0
20240901,2024-09,Nordics,abrasives,field-sales,8,702,684.17,420.29,263.88,754.65,8,8,8,0
20240901,2024-09,Nordics,abrasives,phone,1,83,81.75,54.45,27.3,93.42,1,1,1,0
20240901,2024-09,Nordics,chemicals,branch,8,711,4287.64,2542.84,1744.8,4691.65,8,8,8,0
20240901,2024-09,Nordics,chemicals,e-shop,14,1733,10167.09,6056.02,4111.07,11478.84,13,14,13,0
20240901,2024-09,Nordics,chemicals,field-sales,8,797,4469.34,2819.82,1649.52,5161.61,6,7,5,0
20240901,2024-09,Nordics,chemicals,phone,3,91,576.67,335.16,241.51,624.64,3,3,3,0
20240901,2024-09,Nordics,fasteners,branch,6,694,531.92,373.95,157.97,638.84,3,6,3,0
20240901,2024-09,Nordics,fasteners,e-shop,16,1502,1263.71,833.87,429.84,1419.32,15,15,14,0
20240901,2024-09,Nordics,fasteners,field-sales,13,1345,1080.54,681.59,398.95,1190.99,12,13,12,1
20240901,2024-09,Nordics,hand tools,branch,4,572,12640.29,9189.55,3450.74,14157.71,3,4,3,0
20240901,2024-09,Nordics,hand tools,e-shop,5,195,4415.61,3107.73,1307.88,4691.33,4,5,4,0
20240901,2024-09,Nordics,hand tools,field-sales,6,730,15679.52,12034.09,3645.43,17804.02,6,6,6,0
20240901,2024-09,Nordics,hand tools,phone,1,42,878.65,643.62,235.03,939.73,0,1,0,0
20240901,2024-09,Nordics,power tools,branch,5,477,64665.2,50513.51,14151.69,71119.2,5,5,5,0
20240901,2024-09,Nordics,power tools,e-shop,8,699,81586.25,67770.79,13815.46,94001.84,7,7,6,0
20240901,2024-09,Nordics,power tools,field-sales,1,34,4236.11,3167.08,1069.03,4614.5,1,1,1,0
20240901,2024-09,Nordics,power tools,phone,2,137,19924.96,13981.79,5943.17,20095.19,1,2,1,0
20240901,2024-09,Nordics,ppe,branch,5,204,635.29,421.71,213.58,691.09,4,5,4,0
20240901,2024-09,Nordics,ppe,e-shop,7,237,746.65,501.9,244.75,812.17,7,6,6,0
20240901,2024-09,Nordics,ppe,field-sales,6,792,2432.63,1700.08,732.55,2708.76,5,6,5,0
20240901,2024-09,Nordics,ppe,phone,2,582,1792.15,1239.39,552.76,2028.91,2,2,2,0
20240901,2024-09,West,abrasives,branch,2,277,240.95,185.51,55.44,319.89,2,2,2,1
20240901,2024-09,West,abrasives,e-shop,9,501,509.97,316.43,193.54,556.13,8,9,8,0
20240901,2024-09,West,abrasives,field-sales,6,366,372.89,234.27,138.62,409.99,6,5,5,0
20240901,2024-09,West,abrasives,phone,2,279,313.55,186.75,126.8,334.68,1,2,1,0
20240901,2024-09,West,chemicals,branch,4,130,784.89,442.5,342.39,821.14,2,4,2,0
20240901,2024-09,West,chemicals,e-shop,12,1442,8300.92,5015.56,3285.36,9260.61,10,11,10,0
20240901,2024-09,West,chemicals,field-sales,3,67,445.29,240.24,205.05,447.63,3,3,3,0
20240901,2024-09,West,chemicals,phone,2,74,510.19,287.15,223.04,526.38,1,2,1,0
20240901,2024-09,West,fasteners,branch,7,422,358.1,233.79,124.31,395.07,6,7,6,0
20240901,2024-09,West,fasteners,e-shop,17,928,757.61,477.93,279.68,829.99,12,13,9,0
20240901,2024-09,West,fasteners,field-sales,7,384,321.1,201.74,119.36,343.22,5,7,5,0
20240901,2024-09,West,fasteners,phone,2,66,54.0,32.19,21.81,56.97,2,2,2,0
20240901,2024-09,West,hand tools,branch,4,218,4626.87,3310.45,1316.42,5111.88,4,4,4,1
20240901,2024-09,West,hand tools,e-shop,1,64,1244.41,928.84,315.57,1385.76,1,1,1,0
20240901,2024-09,West,hand tools,field-sales,1,32,807.22,557.8,249.42,812.1,1,1,1,0
20240901,2024-09,West,hand tools,phone,1,25,483.21,359.16,124.05,544.77,1,1,1,0
20240901,2024-09,West,power tools,branch,2,246,28389.18,23821.52,4567.66,32616.92,2,2,2,0
20240901,2024-09,West,power tools,e-shop,7,477,57265.44,46430.26,10835.18,65572.51,6,6,5,1
20240901,2024-09,West,power tools,field-sales,3,127,16390.73,12947.5,3443.23,17773.53,3,3,3,0
20240901,2024-09,West,power tools,phone,1,241,30793.17,27528.45,3264.72,38684.89,1,1,1,0
20240901,2024-09,West,ppe,branch,4,423,1314.47,961.49,352.98,1549.91,4,4,4,1
20240901,2024-09,West,ppe,e-shop,3,566,1942.24,1372.33,569.91,2147.27,3,3,3,1
20240901,2024-09,West,ppe,field-sales,4,157,518.96,354.28,164.68,558.23,3,3,2,0
20240901,2024-09,West,ppe,phone,1,47,135.3,94.13,41.17,153.58,1,1,1,0
20241001,2024-10,DACH-North,abrasives,branch,9,757,806.63,478.77,327.86,851.77,7,9,7,0
20241001,2024-10,DACH-North,abrasives,e-shop,8,856,878.75,568.12,310.63,998.88,8,8,8,1
20241001,2024-10,DACH-North,abrasives,field-sales,5,214,225.65,133.71,91.94,233.76,4,5,4,0
20241001,2024-10,DACH-North,abrasives,phone,3,475,459.1,318.44,140.66,547.06,2,3,2,0
20241001,2024-10,DACH-North,chemicals,branch,3,92,527.43,290.15,237.28,560.74,2,2,1,0
20241001,2024-10,DACH-North,chemicals,e-shop,8,341,2134.86,1260.27,874.59,2319.45,6,8,6,1
20241001,2024-10,DACH-North,chemicals,field-sales,5,590,3324.57,2072.16,1252.41,3809.16,5,5,5,0
20241001,2024-10,DACH-North,chemicals,phone,1,38,215.1,125.3,89.8,242.23,1,1,1,0
20241001,2024-10,DACH-North,fasteners,branch,5,508,444.08,281.02,163.06,489.1,5,5,5,0
20241001,2024-10,DACH-North,fasteners,e-shop,10,433,388.4,237.66,150.74,404.24,8,10,8,0
20241001,2024-10,DACH-North,fasteners,field-sales,10,444,378.42,239.33,139.09,409.57,7,10,7,2
20241001,2024-10,DACH-North,fasteners,phone,3,267,240.47,150.32,90.15,253.0,3,3,3,0
20241001,2024-10,DACH-North,hand tools,branch,3,513,11509.23,8634.53,2874.7,12979.15,2,3,2,0
20241001,2024-10,DACH-North,hand tools,e-shop,4,155,3538.87,2441.05,1097.82,3724.6,4,3,3,0
20241001,2024-10,DACH-North,hand tools,phone,1,55,1334.11,952.83,381.28,1408.77,1,1,1,0
20241001,2024-10,DACH-North,power tools,branch,4,267,36555.59,29051.93,7503.66,39632.2,4,4,4,0
20241001,2024-10,DACH-North,power tools,e-shop,4,196,26151.76,21669.01,4482.75,29390.34,4,3,3,0
20241001,2024-10,DACH-North,power tools,field-sales,4,330,42856.12,33576.93,9279.19,47049.93,3,3,2,3
20241001,2024-10,DACH-North,power tools,phone,3,512,67985.69,53140.61,14845.08,73567.95,3,3,3,0
20241001,2024-10,DACH-North,ppe,branch,5,220,732.42,483.46,248.96,780.79,2,5,2,1
20241001,2024-10,DACH-North,ppe,e-shop,11,1219,3931.46,2730.41,1201.05,4309.56,8,11,8,0
20241001,2024-10,DACH-North,ppe,field-sales,9,905,2820.25,2048.4,771.85,3245.5,5,8,5,0
20241001,2024-10,DACH-North,ppe,phone,2,118,396.75,271.37,125.38,436.32,1,2,1,0
20241001,2024-10,DACH-South,abrasives,branch,6,341,336.15,204.34,131.81,365.37,6,6,6,0
20241001,2024-10,DACH-South,abrasives,e-shop,13,1229,1238.75,810.16,428.59,1426.16,13,12,12,2
20241001,2024-10,DACH-South,abrasives,field-sales,10,637,598.26,375.23,223.03,674.16,10,10,10,0
20241001,2024-10,DACH-South,abrasives,phone,4,120,122.37,72.32,50.05,126.67,4,4,4,0
20241001,2024-10,DACH-South,chemicals,branch,4,273,1613.3,965.9,647.4,1782.94,4,4,4,0
20241001,2024-10,DACH-South,chemicals,e-shop,7,334,2024.97,1223.57,801.4,2258.27,6,7,6,0
20241001,2024-10,DACH-South,chemicals,field-sales,3,296,1869.15,1141.41,727.74,2144.81,2,3,2,0
20241001,2024-10,DACH-South,fasteners,branch,7,713,552.3,361.97,190.33,625.24,7,7,7,0
20241001,2024-10,DACH-South,fasteners,e-shop,23,1831,1525.6,976.32,549.28,1682.42,19,23,19,0
20241001,2024-10,DACH-South,fasteners,field-sales,15,1400,1103.04,724.41,378.63,1251.64,12,15,12,1
20241001,2024-10,DACH-South,fasteners,phone,2,93,85.8,55.64,30.16,93.87,2,2,2,0
20241001,2024-10,DACH-South,hand tools,branch,8,569,12099.95,9448.05,2651.9,14306.97,6,8,6,2
20241001,2024-10,DACH-South,hand tools,e-shop,9,597,13602.85,10368.03,3234.82,15560.58,8,9,8,1
20241001,2024-10,DACH-South,hand tools,field-sales,4,279,6278.98,4417.54,1861.44,6817.74,4,4,4,0
20241001,2024-10,DACH-South,hand tools,phone,2,102,2276.68,1719.19,557.49,2540.07,1,2,1,0
20241001,2024-10,DACH-South,power tools,branch,5,217,29301.66,23271.12,6030.54,32238.4,5,5,5,0
20241001,2024-10,DACH-South,power tools,e-shop,8,389,46387.0,37631.03,8755.97,52109.09,7,8,7,0
20241001,2024-10,DACH-South,power tools,field-sales,3,155,19809.52,16131.54,3677.98,22684.58,3,3,3,0
20241001,2024-10,DACH-South,power tools,phone,2,116,14361.45,11357.65,3003.8,16506.14,2,2,2,0
20241001,2024-10,DACH-South,ppe,branch,5,166,537.36,355.94,181.42,564.35,4,5,4,0
20241001,2024-10,DACH-South,ppe,e-shop,12,908,2978.59,1934.43,1044.16,3117.52,10,12,10,0
20241001,2024-10,DACH-South,ppe,field-sales,12,1000,3080.03,2116.31,963.72,3391.82,11,12,11,1
20241001,2024-10,DACH-South,ppe,phone,3,169,527.92,362.01,165.91,584.83,2,3,2,0
20241001,2024-10,East,abrasives,branch,7,356,364.11,237.87,126.24,421.49,7,6,6,0
20241001,2024-10,East,abrasives,e-shop,10,632,599.06,375.31,223.75,676.48,10,10,10,1
20241001,2024-10,East,abrasives,field-sales,10,857,865.04,513.8,351.24,932.23,9,10,9,0
20241001,2024-10,East,abrasives,phone,1,51,52.91,32.29,20.62,59.05,0,1,0,0
20241001,2024-10,East,chemicals,branch,3,50,289.45,163.51,125.94,302.96,2,3,2,0
20241001,2024-10,East,chemicals,e-shop,10,501,3049.95,1824.45,1225.5,3341.7,10,10,10,0
20241001,2024-10,East,chemicals,field-sales,2,57,320.33,203.53,116.8,367.71,2,2,2,0
20241001,2024-10,East,chemicals,phone,3,539,3085.35,2003.19,1082.16,3627.39,3,2,2,0
20241001,2024-10,East,fasteners,branch,6,367,293.28,195.99,97.29,331.52,6,6,6,0
20241001,2024-10,East,fasteners,e-shop,16,1487,1200.3,774.05,426.25,1335.56,11,15,10,1
20241001,2024-10,East,fasteners,field-sales,15,690,596.47,369.02,227.45,626.28,13,15,13,0
20241001,2024-10,East,fasteners,phone,5,352,281.87,174.03,107.84,300.6,5,5,5,0
20241001,2024-10,East,hand tools,branch,7,347,7794.24,5538.75,2255.49,8515.56,6,7,6,0
20241001,2024-10,East,hand tools,e-shop,4,504,11038.42,8932.19,2106.23,13074.96,3,4,3,0
20241001,2024-10,East,hand tools,field-sales,7,585,13524.7,10013.18,3511.52,15031.24,5,7,5,0
20241001,2024-10,East,hand tools,phone,4,284,5926.37,4098.61,1827.76,6347.98,3,4,3,0
20241001,2024-10,East,power tools,branch,5,214,28961.98,22474.02,6487.96,31190.5,4,5,4,1
20241001,2024-10,East,power tools,e-shop,13,1229,156956.26,131941.7,25014.56,180418.1,10,11,8,0
20241001,2024-10,East,power tools,field-sales,4,178,22895.44,18112.79,4782.65,24960.65,4,4,4,1
20241001,2024-10,East,power tools,phone,3,143,20561.41,16677.87,3883.54,22112.28,3,3,3,0
20241001,2024-10,East,ppe,branch,6,337,1096.0,708.77,387.23,1145.69,5,5,4,0
20241001,2024-10,East,ppe,e-shop,11,889,2787.36,1838.92,948.44,3005.89,11,11,11,0
20241001,2024-10,East,ppe,field-sales,12,828,2691.66,1872.56,819.1,2943.68,10,12,10,0
20241001,2024-10,Nordics,abrasives,branch,3,239,230.98,138.28,92.7,254.72,2,3,2,0
20241001,2024-10,Nordics,abrasives,e-shop,11,602,631.48,400.86,230.62,704.25,9,8,6,0
20241001,2024-10,Nordics,abrasives,field-sales,2,143,133.43,82.35,51.08,149.44,2,2,2,0
20241001,2024-10,Nordics,abrasives,phone,2,199,189.4,123.78,65.62,222.12,2,2,2,0
20241001,2024-10,Nordics,chemicals,branch,2,44,288.42,168.11,120.31,318.98,2,2,2,0
20241001,2024-10,Nordics,chemicals,e-shop,6,542,3236.12,2013.17,1222.95,3698.39,4,5,3,0
20241001,2024-10,Nordics,chemicals,field-sales,5,286,1841.76,1079.04,762.72,2009.51,3,5,3,0
20241001,2024-10,Nordics,fasteners,branch,7,463,366.03,239.33,126.7,411.15,6,7,6,0
20241001,2024-10,Nordics,fasteners,e-shop,17,805,685.25,441.87,243.38,755.96,15,15,14,0
20241001,2024-10,Nordics,fasteners,field-sales,16,1895,1519.57,1019.5,500.07,1742.07,13,16,13,0
20241001,2024-10,Nordics,fasteners,phone,6,210,176.89,111.8,65.09,194.37,5,6,5,0
20241001,2024-10,Nordics,hand tools,branch,4,155,3876.73,2580.65,1296.08,3941.56,3,4,3,0
20241001,2024-10,Nordics,hand tools,e-shop,6,586,12468.19,9107.91,3360.28,13911.75,5,6,5,1
20241001,2024-10,Nordics,hand tools,field-sales,2,225,4075.64,3350.83,724.81,4983.3,1,2,1,0
20241001,2024-10,Nordics,hand tools,phone,1,81,1926.5,1359.87,566.63,2107.77,1,1,1,0
20241001,2024-10,Nordics,power tools,branch,1,27,3773.21,3210.38,562.83,4258.7,1,1,1,0
20241001,2024-10,Nordics,power tools,e-shop,6,534,72042.68,58405.23,13637.45,81831.69,5,6,5,1
20241001,2024-10,Nordics,power tools,field-sales,5,577,69318.35,59518.35,9800.0,81231.0,5,5,5,0
20241001,2024-10,Nordics,power tools,phone,3,232,27914.71,24670.83,3243.88,35532.04,2,3,2,0
20241001,2024-10,Nordics,ppe,branch,2,200,616.31,422.41,193.9,688.85,1,2,1,0
20241001,2024-10,Nordics,ppe,e-shop,7,608,1834.11,1339.34,494.77,2122.56,7,7,7,0
20241001,2024-10,Nordics,ppe,field-sales,8,700,2356.98,1594.84,762.14,2574.18,6,8,6,1
20241001,2024-10,Nordics,ppe,phone,3,441,1409.5,1006.64,402.86,1578.82,3,3,3,0
20241001,2024-10,West,abrasives,branch,7,699,646.67,425.39,221.28,744.55,7,7,7,1
20241001,2024-10,West,abrasives,e-shop,12,1243,1284.68,798.45,486.23,1441.35,9,12,9,2
20241001,2024-10,West,abrasives,field-sales,6,641,645.26,405.23,240.03,711.97,6,6,6,0
20241001,2024-10,West,chemicals,branch,2,342,2231.23,1344.93,886.3,2462.96,2,2,2,0
20241001,2024-10,West,chemicals,e-shop,15,977,5925.08,3461.59,2463.49,6435.12,13,15,13,1
20241001,2024-10,West,chemicals,field-sales,6,454,2707.55,1512.96,1194.59,2890.47,3,6,3,0
20241001,2024-10,West,chemicals,phone,1,20,137.18,71.88,65.3,137.18,1,0,0,0
20241001,2024-10,West,fasteners,branch,2,91,74.97,43.96,31.01,78.65,2,2,2,0
20241001,2024-10,West,fasteners,e-shop,11,657,580.69,365.56,215.13,631.93,8,10,7,0
20241001,2024-10,West,fasteners,field-sales,5,166,147.04,87.75,59.29,154.51,5,5,5,0
20241001,2024-10,West,fasteners,phone,3,91,80.79,51.18,29.61,89.66,3,2,2,0
20241001,2024-10,West,hand tools,branch,2,196,4166.92,3097.14,1069.78,4602.86,2,2,2,0
20241001,2024-10,West,hand tools,e-shop,5,495,10065.61,7415.93,2649.68,11359.12,4,5,4,0
20241001,2024-10,West,hand tools,field-sales,2,319,6619.03,5268.34,1350.69,7841.44,1,2,1,0
20241001,2024-10,West,hand tools,phone,2,39,971.98,675.33,296.65,1010.22,2,2,2,0
20241001,2024-10,West,power tools,branch,1,230,25973.29,20378.12,5595.17,29085.43,1,1,1,0
20241001,2024-10,West,power tools,e-shop,5,323,45669.17,33791.51,11877.66,46944.44,4,5,4,0
20241001,2024-10,West,power tools,field-sales,3,259,33105.98,26568.45,6537.53,36705.64,3,3,3,0
20241001,2024-10,West,power tools,phone,2,124,15635.62,12179.98,3455.64,17168.55,2,2,2,0
20241001,2024-10,West,ppe,branch,2,203,526.63,406.4,120.23,656.64,2,2,2,0
20241001,2024-10,West,ppe,e-shop,7,767,2327.74,1588.89,738.85,2574.83,3,7,3,0
20241001,2024-10,West,ppe,field-sales,3,134,413.61,285.34,128.27,446.45,3,3,3,0
20241001,2024-10,West,ppe,phone,2,36,127.88,83.27,44.61,136.84,1,2,1,0
20241101,2024-11,DACH-North,abrasives,branch,5,257,259.07,155.81,103.26,277.68,5,5,5,0
20241101,2024-11,DACH-North,abrasives,e-shop,5,763,772.67,473.65,299.02,830.5,4,3,3,0
20241101,2024-11,DACH-North,abrasives,field-sales,9,858,892.72,566.14,326.58,1010.03,9,9,9,0
20241101,2024-11,DACH-North,abrasives,phone,3,250,237.34,136.32,101.02,255.06,3,3,3,0
20241101,2024-11,DACH-North,chemicals,branch,2,301,1599.65,989.24,610.41,1862.39,2,2,2,0
20241101,2024-11,DACH-North,chemicals,e-shop,6,478,3027.88,1824.27,1203.61,3317.16,6,6,6,0
20241101,2024-11,DACH-North,chemicals,field-sales,6,809,4686.69,3039.43,1647.26,5594.57,5,6,5,1
20241101,2024-11,DACH-North,chemicals,phone,2,94,584.51,357.61,226.9,640.64,2,2,2,0
20241101,2024-11,DACH-North,fasteners,branch,8,676,608.17,379.31,228.86,654.48,7,7,6,0
20241101,2024-11,DACH-North,fasteners,e-shop,21,2026,1674.93,1109.05,565.88,1911.63,21,20,20,1
20241101,2024-11,DACH-North,fasteners,field-sales,4,286,222.05,156.57,65.48,262.92,3,4,3,0
20241101,2024-11,DACH-North,fasteners,phone,3,63,51.35,31.59,19.76,55.58,3,3,3,1
20241101,2024-11,DACH-North,hand tools,branch,3,188,4140.87,2873.04,1267.83,4323.06,3,2,2,0
20241101,2024-11,DACH-North,hand tools,e-shop,4,109,2455.53,1771.36,684.17,2678.73,4,4,4,0
20241101,2024-11,DACH-North,hand tools,field-sales,12,1450,30033.26,22555.32,7477.94,34211.02,11,12,11,0
20241101,2024-11,DACH-North,hand tools,phone,1,75,1629.12,1153.23,475.89,1832.53,1,1,1,0
20241101,2024-11,DACH-North,power tools,branch,3,337,42421.18,34172.56,8248.62,47670.74,3,3,3,0
20241101,2024-11,DACH-North,power tools,e-shop,6,468,62838.85,49151.66,13687.19,68338.23,6,5,5,0
20241101,2024-11,DACH-North,power tools,field-sales,2,90,12685.96,10651.9,2034.06,14449.46,2,2,2,0
20241101,2024-11,DACH-North,ppe,branch,4,124,389.76,266.51,123.25,427.71,3,4,3,0
20241101,2024-11,DACH-North,ppe,e-shop,5,501,1434.16,1031.08,403.08,1632.59,4,4,3,0
20241101,2024-11,DACH-North,ppe,field-sales,7,375,1176.91,805.44,371.47,1290.92,5,6,4,0
20241101,2024-11,DACH-North,ppe,phone,4,257,806.29,580.55,225.74,918.74,4,4,4,0
20241101,2024-11,DACH-South,abrasives,branch,4,188,191.86,116.69,75.17,201.95,4,4,4,0
20241101,2024-11,DACH-South,abrasives,e-shop,12,690,736.5,465.98,270.52,820.9,9,11,8,1
20241101,2024-11,DACH-South,abrasives,field-sales,9,1005,967.06,631.88,335.18,1140.08,9,9,9,0
20241101,2024-11,DACH-South,abrasives,phone,5,267,263.93,168.31,95.62,304.88,5,5,5,0
20241101,2024-11,DACH-South,chemicals,branch,3,431,2600.16,1674.87,925.29,2993.09,3,3,3,0
20241101,2024-11,DACH-South,chemicals,e-shop,8,721,4217.41,2641.61,1575.8,4915.21,8,7,7,0
20241101,2024-11,DACH-South,chemicals,field-sales,4,296,1636.62,1058.42,578.2,1979.0,4,4,4,0
20241101,2024-11,DACH-South,chemicals,phone,1,49,283.91,158.56,125.35,297.29,1,1,1,0
20241101,2024-11,DACH-South,fasteners,branch,10,1102,909.02,572.89,336.13,999.1,10,10,10,1
20241101,2024-11,DACH-South,fasteners,e-shop,17,946,831.94,517.47,314.47,896.36,15,15,13,1
20241101,2024-11,DACH-South,fasteners,field-sales,10,381,330.86,203.9,126.96,350.0,10,9,9,0
20241101,2024-11,DACH-South,fasteners,phone,4,216,188.57,117.0,71.57,199.91,4,3,3,0
20241101,2024-11,DACH-South,hand tools,branch,4,309,7303.04,5147.76,2155.28,7852.41,4,4,4,1
20241101,2024-11,DACH-South,hand tools,e-shop,7,369,8567.16,5863.86,2703.3,9027.75,6,6,5,0
20241101,2024-11,DACH-South,hand tools,field-sales,4,94,2127.53,1467.47,660.06,2228.22,3,4,3,0
20241101,2024-11,DACH-South,power tools,branch,1,26,3693.53,2869.55,823.98,3900.24,1,1,1,0
20241101,2024-11,DACH-South,power tools,e-shop,13,761,98881.13,80941.23,17939.9,111112.16,12,11,10,1
20241101,2024-11,DACH-South,power tools,field-sales,9,670,85570.06,70193.68,15376.38,96599.04,8,9,8,2
20241101,2024-11,DACH-South,power tools,phone,1,40,5290.76,4420.19,870.57,5931.34,1,1,1,0
20241101,2024-11,DACH-South,ppe,branch,7,668,1989.56,1373.02,616.54,2258.52,6,6,5,0
20241101,2024-11,DACH-South,ppe,e-shop,8,468,1410.11,1031.32,378.79,1628.28,7,8,7,0
20241101,2024-11,DACH-South,ppe,field-sales,5,564,1684.31,1153.78,530.53,1906.85,4,4,3,0
20241101,2024-11,DACH-South,ppe,phone,1,27,92.65,57.65,35.0,94.63,1,1,1,0
20241101,2024-11,East,abrasives,branch,2,65,70.74,42.42,28.32,73.2,2,1,1,0
20241101,2024-11,East,abrasives,e-shop,9,696,721.4,437.71,283.69,785.26,8,9,8,0
20241101,2024-11,East,abrasives,field-sales,5,247,249.82,156.03,93.79,274.83,5,5,5,1
20241101,2024-11,East,abrasives,phone,2,336,366.97,221.49,145.48,394.63,0,2,0,0
20241101,2024-11,East,chemicals,branch,2,136,915.98,521.15,394.83,936.51,1,2,1,0
20241101,2024-11,East,chemicals,e-shop,6,240,1388.01,817.15,570.86,1566.46,6,6,6,0
20241101,2024-11,East,chemicals,field-sales,10,468,2832.57,1665.0,1167.57,3016.83,10,9,9,0
20241101,2024-11,East,chemicals,phone,2,111,624.58,375.42,249.16,684.77,2,2,2,0
20241101,2024-11,East,fasteners,branch,7,453,377.1,240.89,136.21,410.8,7,7,7,0
20241101,2024-11,East,fasteners,e-shop,12,992,823.89,543.72,280.17,923.0,11,12,11,0
20241101,2024-11,East,fasteners,field-sales,14,1002,810.59,534.02,276.57,940.65,13,13,12,0
20241101,2024-11,East,fasteners,phone,6,190,165.82,105.09,60.73,176.75,4,6,4,0
20241101,2024-11,East,hand tools,branch,4,303,7375.35,5194.32,2181.03,8097.59,3,4,3,0
20241101,2024-11,East,hand tools,e-shop,7,392,8661.51,6059.7,2601.81,9207.61,7,7,7,0
20241101,2024-11,East,hand tools,field-sales,3,398,9566.99,7318.53,2248.46,10643.96,3,3,3,0
20241101,2024-11,East,hand tools,phone,2,62,1569.99,1159.45,410.54,1709.18,2,2,2,0
20241101,2024-11,East,power tools,branch,4,387,53282.18,44495.05,8787.13,59647.54,4,4,4,1
20241101,2024-11,East,power tools,e-shop,5,340,41900.13,33562.07,8338.06,46825.49,4,5,4,2
20241101,2024-11,East,power tools,field-sales,4,386,50343.97,42115.68,8228.29,57816.91,4,4,4,0
20241101,2024-11,East,power tools,phone,1,27,3758.34,2824.18,934.16,4006.76,1,1,1,0
20241101,2024-11,East,ppe,branch,2,99,286.01,205.07,80.94,319.86,2,2,2,0
20241101,2024-11,East,ppe,e-shop,10,680,2066.78,1412.7,654.08,2305.98,8,10,8,1
20241101,2024-11,East,ppe,field-sales,10,492,1664.65,1144.37,520.28,1811.6,10,9,9,1
20241101,2024-11,East,ppe,phone,2,236,702.46,459.21,243.25,765.91,2,2,2,0
20241101,2024-11,Nordics,abrasives,branch,2,106,116.38,70.23,46.15,126.97,2,2,2,0
20241101,2024-11,Nordics,abrasives,e-shop,4,358,299.06,203.18,95.88,364.72,4,3,3,0
20241101,2024-11,Nordics,abrasives,field-sales,7,368,368.72,225.54,143.18,395.27,7,7,7,0
20241101,2024-11,Nordics,abrasives,phone,3,468,422.89,274.14,148.75,496.33,3,3,3,0
20241101,2024-11,Nordics,chemicals,branch,5,434,3018.4,1734.56,1283.84,3123.14,4,4,3,1
20241101,2024-11,Nordics,chemicals,e-shop,12,1095,6514.9,3961.86,2553.04,7188.3,11,12,11,1
20241101,2024-11,Nordics,chemicals,field-sales,5,192,1108.25,677.98,430.27,1239.35,5,5,5,0
20241101,2024-11,Nordics,chemicals,phone,2,229,1497.72,853.49,644.23,1536.27,2,2,2,0
20241101,2024-11,Nordics,fasteners,branch,4,245,188.56,121.96,66.6,213.65,3,4,3,1
20241101,2024-11,Nordics,fasteners,e-shop,9,848,691.65,459.57,232.08,796.0,8,8,7,1
20241101,2024-11,Nordics,fasteners,field-sales,9,563,462.02,301.22,160.8,516.67,8,8,7,0
20241101,2024-11,Nordics,fasteners,phone,1,55,51.55,30.83,20.72,54.67,1,1,1,0
20241101,2024-11,Nordics,hand tools,branch,6,455,9980.51,7246.91,2733.6,10980.77,5,6,5,1
20241101,2024-11,Nordics,hand tools,e-shop,6,694,15409.39,11389.01,4020.38,17251.22,5,6,5,0
20241101,2024-11,Nordics,hand tools,field-sales,4,257,5733.87,4073.74,1660.13,6129.97,4,4,4,0
20241101,2024-11,Nordics,power tools,branch,2,290,41086.96,33174.47,7912.49,45960.09,2,2,2,1
20241101,2024-11,Nordics,power tools,e-shop,5,278,35662.81,28660.63,7002.18,39581.21,4,5,4,0
20241101,2024-11,Nordics,power tools,field-sales,4,161,21957.92,16917.48,5040.44,23621.02,4,4,4,0
20241101,2024-11,Nordics,power tools,phone,1,61,8416.32,6443.94,1972.38,9320.4,1,1,1,0
20241101,2024-11,Nordics,ppe,branch,5,518,1519.85,1127.48,392.37,1792.38,5,5,5,0
20241101,2024-11,Nordics,ppe,e-shop,3,473,1453.51,953.84,499.67,1572.08,3,3,3,0
20241101,2024-11,Nordics,ppe,field-sales,4,101,326.77,211.78,114.99,342.58,4,4,4,0
20241101,2024-11,Nordics,ppe,phone,1,31,113.88,72.19,41.69,118.01,1,1,1,0
20241101,2024-11,West,abrasives,branch,5,549,502.28,338.35,163.93,601.96,5,5,5,0
20241101,2024-11,West,abrasives,e-shop,10,606,606.7,371.73,234.97,667.21,10,10,10,0
20241101,2024-11,West,abrasives,field-sales,3,282,267.42,171.55,95.87,315.47,2,3,2,0
20241101,2024-11,West,abrasives,phone,3,171,164.41,103.64,60.77,190.04,3,3,3,0
20241101,2024-11,West,chemicals,branch,1,23,136.87,70.28,66.59,136.87,1,1,1,0
20241101,2024-11,West,chemicals,e-shop,6,554,3146.4,1949.48,1196.92,3603.67,6,6,6,0
20241101,2024-11,West,chemicals,field-sales,5,362,1998.09,1222.09,776.0,2314.44,3,5,3,0
20241101,2024-11,West,fasteners,branch,4,439,338.33,232.9,105.43,399.8,4,4,4,0
20241101,2024-11,West,fasteners,e-shop,9,1096,910.58,614.62,295.96,1058.14,8,8,8,0
20241101,2024-11,West,fasteners,field-sales,10,1068,859.97,580.52,279.45,1013.15,9,10,9,1
20241101,2024-11,West,fasteners,phone,2,43,38.48,22.67,15.81,39.65,2,2,2,0
20241101,2024-11,West,hand tools,branch,3,596,12747.12,9821.75,2925.37,14955.94,3,3,3,0
20241101,2024-11,West,hand tools,e-shop,3,95,2167.62,1547.29,620.33,2355.82,3,3,3,0
20241101,2024-11,West,hand tools,field-sales,3,107,2391.24,1670.87,720.37,2465.97,2,3,2,0
20241101,2024-11,West,power tools,branch,2,481,57517.14,47368.7,10148.44,68543.7,2,2,2,0
20241101,2024-11,West,power tools,e-shop,5,364,49939.2,39378.99,10560.21,55841.87,4,5,4,0
20241101,2024-11,West,power tools,field-sales,3,445,55789.74,46599.49,9190.25,64074.89,3,3,3,0
20241101,2024-11,West,power tools,phone,1,32,3783.48,2885.35,898.13,4162.25,1,1,1,0
20241101,2024-11,West,ppe,branch,7,822,2539.51,1826.64,712.87,2843.47,4,7,4,0
20241101,2024-11,West,ppe,e-shop,7,610,2098.53,1405.08,693.45,2271.24,6,6,5,0
20241101,2024-11,West,ppe,field-sales,13,1281,3921.8,2770.97,1150.83,4482.41,13,13,13,1
20241101,2024-11,West,ppe,phone,2,171,499.98,363.42,136.56,598.53,1,2,1,0
20241201,2024-12,DACH-North,abrasives,branch,2,257,247.45,156.37,91.08,289.28,1,2,1,0
20241201,2024-12,DACH-North,abrasives,e-shop,7,1439,1364.8,879.75,485.05,1584.33,7,6,6,0
20241201,2024-12,DACH-North,abrasives,field-sales,2,118,109.0,68.09,40.91,122.81,2,2,2,0
20241201,2024-12,DACH-North,abrasives,phone,1,59,59.66,34.13,25.53,62.21,1,1,1,0
20241201,2024-12,DACH-North,chemicals,branch,2,285,1833.83,1142.67,691.16,2081.99,2,2,2,0
20241201,2024-12,DACH-North,chemicals,e-shop,1,47,311.51,169.72,141.79,320.82,1,1,1,0
20241201,2024-12,DACH-North,chemicals,field-sales,2,261,1501.73,1068.91,432.82,1902.58,2,2,2,0
20241201,2024-12,DACH-North,chemicals,phone,2,94,585.87,337.75,248.12,617.58,2,2,2,0
20241201,2024-12,DACH-North,fasteners,branch,4,356,285.02,180.96,104.06,320.77,3,4,3,0
20241201,2024-12,DACH-North,fasteners,e-shop,13,1120,899.98,588.35,311.63,1004.6,12,12,11,1
20241201,2024-12,DACH-North,fasteners,field-sales,6,163,143.33,91.69,51.64,156.58,6,5,5,0
20241201,2024-12,DACH-North,fasteners,phone,3,80,70.77,43.42,27.35,72.65,3,3,3,1
20241201,2024-12,DACH-North,hand tools,branch,3,154,3544.09,2623.37,920.72,3951.59,2,3,2,0
20241201,2024-12,DACH-North,hand tools,e-shop,4,693,15255.69,11990.87,3264.82,18063.5,3,4,3,1
20241201,2024-12,DACH-North,hand tools,field-sales,3,191,4763.45,3259.68,1503.77,4928.93,2,3,2,0
20241201,2024-12,DACH-North,power tools,branch,1,72,9574.64,8469.24,1105.4,11224.66,0,1,0,0
20241201,2024-12,DACH-North,power tools,e-shop,5,280,41554.98,31750.94,9804.04,43092.61,4,5,4,0
20241201,2024-12,DACH-North,power tools,field-sales,3,155,18817.04,16156.61,2660.43,22434.94,3,2,2,0
20241201,2024-12,DACH-North,ppe,branch,3,555,1810.34,1252.9,557.44,2055.04,2,3,2,0
20241201,2024-12,DACH-North,ppe,e-shop,6,658,2009.15,1449.83,559.32,2331.99,5,6,5,0
20241201,2024-12,DACH-North,ppe,field-sales,4,686,2021.27,1425.46,595.81,2313.76,4,4,4,0
20241201,2024-12,DACH-North,ppe,phone,1,175,483.48,348.48,135.0,580.41,1,1,1,0
20241201,2024-12,DACH-South,abrasives,branch,5,179,172.71,101.93,70.78,186.1,5,5,5,0
20241201,2024-12,DACH-South,abrasives,e-shop,8,767,845.81,509.08,336.73,909.69,8,8,8,0
20241201,2024-12,DACH-South,abrasives,field-sales,3,195,199.81,117.19,82.62,212.19,2,3,2,1
20241201,2024-12,DACH-South,abrasives,phone,4,409,431.31,249.32,181.99,459.37,4,3,3,0
20241201,2024-12,DACH-South,chemicals,branch,3,260,1502.36,916.38,585.98,1664.05,3,3,3,0
20241201,2024-12,DACH-South,chemicals,e-shop,6,849,4836.7,2824.73,2011.97,5353.7,3,5,2,0
20241201,2024-12,DACH-South,chemicals,field-sales,7,731,4147.99,2630.61,1517.38,4867.33,7,7,7,0
20241201,2024-12,DACH-South,chemicals,phone,3,204,1169.38,778.25,391.13,1395.77,3,3,3,0
20241201,2024-12,DACH-South,fasteners,branch,13,774,642.05,434.75,207.3,748.7,11,11,9,0
20241201,2024-12,DACH-South,fasteners,e-shop,11,612,514.76,323.62,191.14,557.45,11,11,11,0
20241201,2024-12,DACH-South,fasteners,field-sales,5,235,204.13,126.5,77.63,220.06,4,5,4,0
20241201,2024-12,DACH-South,hand tools,branch,2,79,1867.76,1267.69,600.07,1912.66,2,2,2,0
20241201,2024-12,DACH-South,hand tools,e-shop,3,507,11051.25,8084.89,2966.36,12441.47,3,3,3,0
20241201,2024-12,DACH-South,hand tools,field-sales,2,160,3325.73,2410.71,915.02,3797.29,1,2,1,0
20241201,2024-12,DACH-South,power tools,branch,2,92,10651.18,8635.68,2015.5,11731.65,2,2,2,0
20241201,2024-12,DACH-South,power tools,e-shop,8,755,90799.06,73811.42,16987.64,103680.14,8,8,8,0
20241201,2024-12,DACH-South,power tools,field-sales,3,164,23732.97,17674.27,6058.7,24746.26,3,3,3,0
20241201,2024-12,DACH-South,ppe,branch,5,411,1190.66,824.94,365.72,1333.15,5,4,4,0
20241201,2024-12,DACH-South,ppe,e-shop,4,257,774.05,528.51,245.54,859.51,2,4,2,0
20241201,2024-12,DACH-South,ppe,field-sales,2,58,183.15,118.56,64.59,194.76,1,2,1,0
20241201,2024-12,DACH-South,ppe,phone,1,27,96.39,59.11,37.28,96.97,1,1,1,0
20241201,2024-12,East,abrasives,branch,3,164,170.48,103.94,66.54,179.84,3,2,2,0
20241201,2024-12,East,abrasives,e-shop,9,673,692.01,425.23,266.78,761.1,8,9,8,0
20241201,2024-12,East,abrasives,field-sales,7,243,239.27,150.29,88.98,270.59,7,7,7,0
20241201,2024-12,East,chemicals,branch,5,770,4475.24,2730.53,1744.71,4920.21,5,5,5,0
20241201,2024-12,East,chemicals,e-shop,8,560,3354.55,2052.39,1302.16,3878.43,8,8,8,0
20241201,2024-12,East,chemicals,field-sales,2,142,850.66,481.58,369.08,911.12,2,2,2,1
20241201,2024-12,East,fasteners,branch,8,875,762.23,495.02,267.21,844.74,8,8,8,0
20241201,2024-12,East,fasteners,e-shop,5,217,192.69,118.61,74.08,206.27,4,5,4,0
20241201,2024-12,East,fasteners,field-sales,7,746,625.03,391.82,233.21,672.01,7,7,7,0
20241201,2024-12,East,fasteners,phone,3,164,156.07,96.54,59.53,166.94,3,3,3,0
20241201,2024-12,East,hand tools,branch,2,66,1549.38,1053.42,495.96,1602.17,2,2,2,0
20241201,2024-12,East,hand tools,e-shop,5,233,5304.42,3708.86,1595.56,5569.61,5,4,4,0
20241201,2024-12,East,hand tools,field-sales,3,247,5503.91,3775.21,1728.7,5585.0,3,3,3,1
20241201,2024-12,East,hand tools,phone,1,25,591.76,433.98,157.78,632.9,1,1,1,0
20241201,2024-12,East,power tools,branch,2,116,15043.76,11826.18,3217.58,16172.24,2,2,2,0
20241201,2024-12,East,power tools,e-shop,7,775,89868.42,73611.59,16256.83,104594.38,7,6,6,2
20241201,2024-12,East,power tools,field-sales,4,385,47099.0,37498.28,9600.72,52367.75,2,3,1,0
20241201,2024-12,East,ppe,branch,2,360,1038.16,777.65,260.51,1223.31,2,2,2,0
20241201,2024-12,East,ppe,e-shop,6,434,1574.33,964.48,609.85,1608.63,6,6,6,1
20241201,2024-12,East,ppe,field-sales,14,788,2463.77,1726.25,737.52,2799.29,12,14,12,1
20241201,2024-12,East,ppe,phone,4,538,1656.43,1109.14,547.29,1825.9,2,4,2,0
20241201,2024-12,Nordics,abrasives,branch,4,293,312.83,186.27,126.56,335.64,4,4,4,0
20241201,2024-12,Nordics,abrasives,e-shop,10,795,721.05,480.0,241.05,847.08,9,10,9,0
20241201,2024-12,Nordics,abrasives,field-sales,5,535,497.88,335.8,162.08,595.4,4,5,4,0
20241201,2024-12,Nordics,abrasives,phone,1,42,41.1,25.28,15.82,44.97,0,1,0,0
20241201,2024-12,Nordics,chemicals,branch,3,216,1241.32,769.95,471.37,1401.2,3,3,3,0
20241201,2024-12,Nordics,chemicals,e-shop,6,639,3802.37,2204.93,1597.44,4189.12,5,6,5,0
20241201,2024-12,Nordics,chemicals,field-sales,3,861,5050.7,2943.38,2107.32,5489.2,3,3,3,0
20241201,2024-12,Nordics,fasteners,branch,7,730,611.48,396.93,214.55,694.94,7,7,7,0
20241201,2024-12,Nordics,fasteners,e-shop,12,1858,1461.18,1007.43,453.75,1756.72,12,12,12,0
20241201,2024-12,Nordics,fasteners,field-sales,4,277,245.51,159.97,85.54,276.2,4,4,4,0
20241201,2024-12,Nordics,fasteners,phone,5,385,311.02,210.06,100.96,354.82,5,5,5,0
20241201,2024-12,Nordics,hand tools,branch,1,59,1357.01,963.0,394.01,1440.56,1,1,1,0
20241201,2024-12,Nordics,hand tools,e-shop,6,301,6837.86,5295.79,1542.07,8084.22,5,6,5,0
20241201,2024-12,Nordics,hand tools,field-sales,2,62,1413.87,995.87,418.0,1533.88,2,1,1,0
20241201,2024-12,Nordics,hand tools,phone,1,45,987.59,634.79,352.8,987.59,0,0,0,0
20241201,2024-12,Nordics,power tools,branch,1,77,10058.15,7497.4,2560.75,10576.4,1,1,1,0
20241201,2024-12,Nordics,power tools,e-shop,2,99,13745.77,10564.66,3181.11,14515.64,2,2,2,0
20241201,2024-12,Nordics,power tools,field-sales,2,200,22937.7,18515.88,4421.82,25811.58,2,2,2,0
20241201,2024-12,Nordics,ppe,branch,2,39,107.14,77.68,29.46,121.74,2,1,1,0
20241201,2024-12,Nordics,ppe,e-shop,5,261,849.41,584.69,264.72,950.69,5,4,4,0
20241201,2024-12,Nordics,ppe,field-sales,3,159,481.82,327.62,154.2,534.47,2,3,2,1
20241201,2024-12,Nordics,ppe,phone,1,196,652.35,472.83,179.52,732.16,1,1,1,1
20241201,2024-12,West,abrasives,branch,4,373,382.64,243.28,139.36,443.84,4,4,4,0
20241201,2024-12,West,abrasives,e-shop,4,490,475.0,293.88,181.12,525.24,2,4,2,0
20241201,2024-12,West,abrasives,field-sales,3,135,134.3,80.68,53.62,145.07,2,3,2,0
20241201,2024-12,West,abrasives,phone,2,155,175.47,108.55,66.92,188.59,2,2,2,0
20241201,2024-12,West,chemicals,branch,4,191,1208.3,706.45,501.85,1325.31,3,3,3,0
20241201,2024-12,West,chemicals,e-shop,5,375,2454.29,1420.4,1033.89,2683.62,4,5,4,0
20241201,2024-12,West,chemicals,field-sales,2,75,482.87,287.37,195.5,531.86,2,2,2,0
20241201,2024-12,West,chemicals,phone,2,65,333.55,203.57,129.98,387.81,2,2,2,0
20241201,2024-12,West,fasteners,branch,8,689,547.8,375.58,172.22,634.73,8,7,7,0
20241201,2024-12,West,fasteners,e-shop,8,634,584.85,366.91,217.94,625.91,8,7,7,0
20241201,2024-12,West,fasteners,field-sales,10,1054,815.05,571.27,243.78,957.06,10,10,10,1
20241201,2024-12,West,fasteners,phone,2,568,421.07,291.21,129.86,504.3,2,2,2,0
20241201,2024-12,West,hand tools,e-shop,4,197,4356.37,3124.52,1231.85,4715.07,4,4,4,1
20241201,2024-12,West,hand tools,field-sales,4,191,4442.52,2971.4,1471.12,4531.1,4,4,4,0
20241201,2024-12,West,hand tools,phone,2,256,5205.64,4216.24,989.4,6440.73,2,2,2,0
20241201,2024-12,West,power tools,e-shop,8,463,57598.09,45345.82,12252.27,64540.78,7,8,7,0
20241201,2024-12,West,power tools,field-sales,6,572,71325.67,58509.6,12816.07,82534.25,6,6,6,0
20241201,2024-12,West,ppe,branch,3,164,509.83,341.27,168.56,557.32,3,3,3,0
20241201,2024-12,West,ppe,e-shop,9,658,1974.09,1421.26,552.83,2295.23,8,9,8,2
20241201,2024-12,West,ppe,field-sales,8,1020,3007.0,2252.17,754.83,3590.88,8,7,7,0
20241201,2024-12,West,ppe,phone,3,66,209.96,137.09,72.87,221.52,3,2,2,0
20250101,2025-01,DACH-North,abrasives,branch,7,511,504.45,318.15,186.3,560.36,6,7,6,1
20250101,2025-01,DACH-North,abrasives,e-shop,7,408,425.06,257.17,167.89,465.39,5,7,5,0
20250101,2025-01,DACH-North,abrasives,field-sales,6,571,608.74,364.71,244.03,662.78,4,6,4,0
20250101,2025-01,DACH-North,abrasives,phone,1,28,29.42,19.23,10.19,32.76,1,1,1,0
20250101,2025-01,DACH-North,chemicals,branch,7,807,4526.06,2899.54,1626.52,5208.01,6,7,6,1
20250101,2025-01,DACH-North,chemicals,e-shop,6,838,5266.73,3109.61,2157.12,5998.53,6,5,5,0
20250101,2025-01,DACH-North,chemicals,field-sales,4,206,1116.46,735.93,380.53,1329.3,4,3,3,0
20250101,2025-01,DACH-North,chemicals,phone,2,105,662.6,389.61,272.99,696.44,2,2,2,0
20250101,2025-01,DACH-North,fasteners,branch,7,414,367.45,223.99,143.46,385.26,7,7,7,0
20250101,2025-01,DACH-North,fasteners,e-shop,16,1482,1226.68,786.7,439.98,1385.79,13,15,13,0
20250101,2025-01,DACH-North,fasteners,field-sales,6,666,500.69,331.6,169.09,567.11,6,5,5,1
20250101,2025-01,DACH-North,fasteners,phone,3,151,141.07,84.84,56.23,145.39,3,2,2,0
20250101,2025-01,DACH-North,hand tools,branch,2,59,1383.64,986.42,397.22,1478.45,2,1,1,0
20250101,2025-01,DACH-North,hand tools,e-shop,4,677,14575.9,10841.03,3734.87,16789.2,4,4,4,0
20250101,2025-01,DACH-North,hand tools,field-sales,3,268,5768.34,4248.06,1520.28,6422.29,3,2,2,0
20250101,2025-01,DACH-North,hand tools,phone,2,186,3928.66,2930.67,997.99,4527.63,2,2,2,0
20250101,2025-01,DACH-North,power tools,branch,1,185,20248.95,16727.04,3521.91,23572.7,1,1,1,0
20250101,2025-01,DACH-North,power tools,e-shop,5,478,64437.54,51698.36,12739.18,71436.32,5,5,5,1
20250101,2025-01,DACH-North,power tools,phone,1,25,3606.0,2878.0,728.0,3823.97,0,1,0,0
20250101,2025-01,DACH-North,ppe,branch,1,14,41.45,28.55,12.9,45.65,1,1,1,0
20250101,2025-01,DACH-North,ppe,e-shop,4,145,526.11,333.06,193.05,544.6,3,4,3,0
20250101,2025-01,DACH-North,ppe,field-sales,3,653,1860.42,1392.66,467.76,2180.33,3,3,3,0
20250101,2025-01,DACH-South,abrasives,branch,1,21,23.91,13.33,10.58,24.32,0,1,0,0
20250101,2025-01,DACH-South,abrasives,e-shop,12,950,971.53,608.33,363.2,1098.4,12,12,12,0
20250101,2025-01,DACH-South,abrasives,field-sales,7,643,673.95,410.97,262.98,724.84,6,7,6,0
20250101,2025-01,DACH-South,abrasives,phone,2,323,260.06,173.79,86.27,324.09,2,2,2,1
20250101,2025-01,DACH-South,chemicals,branch,4,235,1349.78,785.69,564.09,1452.77,4,4,4,0
20250101,2025-01,DACH-South,chemicals,e-shop,7,222,1331.37,822.1,509.27,1501.23,6,7,6,0
20250101,2025-01,DACH-South,chemicals,field-sales,9,717,4345.19,2616.6,1728.59,4832.99,8,9,8,1
20250101,2025-01,DACH-South,chemicals,phone,5,190,1196.66,678.01,518.65,1272.5,3,5,3,0
20250101,2025-01,DACH-South,fasteners,branch,9,629,509.29,328.84,180.45,572.86,7,9,7,0
20250101,2025-01,DACH-South,fasteners,e-shop,11,775,640.54,414.64,225.9,700.36,11,11,11,0
20250101,2025-01,DACH-South,fasteners,field-sales,19,1721,1323.42,876.88,446.54,1528.04,19,17,17,0
20250101,2025-01,DACH-South,fasteners,phone,3,87,72.25,46.08,26.17,78.63,3,2,2,0
20250101,2025-01,DACH-South,hand tools,branch,2,69,1378.61,1086.09,292.52,1621.9,2,2,2,0
20250101,2025-01,DACH-South,hand tools,e-shop,8,522,11799.72,8407.04,3392.68,12692.58,8,8,8,0
20250101,2025-01,DACH-South,hand tools,field-sales,1,116,2723.68,1795.52,928.16,2723.68,1,1,1,0
20250101,2025-01,DACH-South,power tools,branch,4,127,16490.5,13456.95,3033.55,18607.18,4,4,4,0
20250101,2025-01,DACH-South,power tools,e-shop,3,209,27745.79,20830.35,6915.44,29079.03,3,2,2,0
20250101,2025-01,DACH-South,power tools,field-sales,5,545,72617.07,57657.62,14959.45,80410.95,5,5,5,0
20250101,2025-01,DACH-South,power tools,phone,1,19,2452.6,1916.03,536.57,2625.91,1,1,1,0
20250101,2025-01,DACH-South,ppe,branch,2,56,197.13,126.12,71.01,203.89,2,2,2,0
20250101,2025-01,DACH-South,ppe,e-shop,7,449,1394.32,940.02,454.3,1499.68,7,7,7,0
20250101,2025-01,DACH-South,ppe,field-sales,6,566,1723.79,1223.52,500.27,1941.44,5,6,5,0
20250101,2025-01,DACH-South,ppe,phone,1,74,269.83,170.36,99.47,269.83,1,1,1,0
20250101,2025-01,East,abrasives,branch,3,764,703.31,477.71,225.6,837.31,2,3,2,1
20250101,2025-01,East,abrasives,e-shop,8,466,497.73,291.95,205.78,518.1,8,8,8,0
20250101,2025-01,East,abrasives,field-sales,5,347,322.22,202.18,120.04,368.21,5,5,5,0
20250101,2025-01,East,abrasives,phone,4,329,285.71,193.03,92.68,344.3,2,4,2,0
20250101,2025-01,East,chemicals,branch,3,225,1572.08,869.78,702.3,1612.04,3,3,3,0
20250101,2025-01,East,chemicals,e-shop,6,348,2100.79,1289.58,811.21,2330.56,5,6,5,0
20250101,2025-01,East,chemicals,field-sales,8,1100,6518.82,3950.37,2568.45,7435.35,7,8,7,0
20250101,2025-01,East,chemicals,phone,1,57,335.32,210.74,124.58,390.36,1,1,1,0
20250101,2025-01,East,fasteners,e-shop,19,1076,936.71,588.97,347.74,1027.77,17,18,16,0
20250101,2025-01,East,fasteners,field-sales,13,675,576.4,349.22,227.18,607.42,12,13,12,1
20250101,2025-01,East,fasteners,phone,1,166,109.73,84.91,24.82,139.79,1,1,1,0
20250101,2025-01,East,hand tools,branch,4,146,3614.0,2520.42,1093.58,3760.43,4,4,4,0
20250101,2025-01,East,hand tools,e-shop,2,80,2020.54,1373.04,647.5,2134.66,2,2,2,0
20250101,2025-01,East,hand tools,phone,3,183,4089.16,2943.56,1145.6,4548.4,3,3,3,0
20250101,2025-01,East,power tools,branch,3,131,16250.27,12725.94,3524.33,17665.77,2,3,2,0
20250101,2025-01,East,power tools,e-shop,3,280,31183.26,26494.44,4688.82,36668.68,2,3,2,0
20250101,2025-01,East,power tools,field-sales,1,19,2483.08,1869.82,613.26,2627.6,1,1,1,0
20250101,2025-01,East,power tools,phone,2,100,12883.79,9411.84,3471.95,13282.25,2,2,2,0
20250101,2025-01,East,ppe,branch,5,202,643.83,444.32,199.51,707.79,5,5,5,0
20250101,2025-01,East,ppe,e-shop,9,638,2001.26,1393.11,608.15,2237.74,8,9,8,0
20250101,2025-01,East,ppe,field-sales,4,360,995.3,776.23,219.07,1234.37,3,4,3,0
20250101,2025-01,East,ppe,phone,1,27,78.26,55.05,23.21,84.89,1,1,1,0
20250101,2025-01,Nordics,abrasives,branch,2,261,266.02,174.79,91.23,305.77,2,2,2,0
20250101,2025-01,Nordics,abrasives,e-shop,6,277,268.84,172.36,96.48,305.42,6,6,6,0
20250101,2025-01,Nordics,abrasives,field-sales,4,227,237.2,150.34,86.86,269.37,4,4,4,0
20250101,2025-01,Nordics,chemicals,branch,4,489,2842.55,1822.4,1020.15,3297.18,2,4,2,1
20250101,2025-01,Nordics,chemicals,e-shop,6,507,2932.42,1738.28,1194.14,3234.27,6,6,6,0
20250101,2025-01,Nordics,chemicals,field-sales,8,566,3577.97,2087.69,1490.28,3951.59,8,7,7,0
20250101,2025-01,Nordics,chemicals,phone,1,65,391.98,209.62,182.36,391.98,1,1,1,0
20250101,2025-01,Nordics,fasteners,branch,7,863,641.92,448.23,193.69,768.54,7,6,6,0
20250101,2025-01,Nordics,fasteners,e-shop,10,885,722.88,462.84,260.04,816.93,9,10,9,0
20250101,2025-01,Nordics,fasteners,field-sales,10,538,462.0,296.24,165.76,503.53,9,9,8,0
20250101,2025-01,Nordics,fasteners,phone,4,240,182.41,122.36,60.05,208.8,4,4,4,0
20250101,2025-01,Nordics,hand tools,branch,3,109,2542.98,1748.8,794.18,2725.39,3,3,3,0
20250101,2025-01,Nordics,hand tools,e-shop,7,404,9750.45,6447.31,3303.14,9973.32,5,7,5,1
20250101,2025-01,Nordics,hand tools,field-sales,3,62,1500.72,1060.59,440.13,1556.86,3,3,3,1
20250101,2025-01,Nordics,power tools,branch,2,379,45857.31,39409.43,6447.88,54876.25,2,2,2,0
20250101,2025-01,Nordics,power tools,e-shop,4,162,22210.85,17230.13,4980.72,23806.49,4,4,4,0
20250101,2025-01,Nordics,power tools,field-sales,3,119,14207.54,11846.81,2360.73,15924.86,3,3,3,0
20250101,2025-01,Nordics,power tools,phone,1,209,28561.2,23943.81,4617.39,33601.41,1,1,1,0
20250101,2025-01,Nordics,ppe,branch,2,287,906.0,638.38,267.62,991.34,2,2,2,0
20250101,2025-01,Nordics,ppe,e-shop,7,490,1348.17,967.48,380.69,1575.06,5,7,5,0
20250101,2025-01,Nordics,ppe,field-sales,3,211,636.61,452.93,183.68,712.6,3,3,3,0
20250101,2025-01,Nordics,ppe,phone,3,274,875.32,595.7,279.62,977.23,3,3,3,0
20250101,2025-01,West,abrasives,branch,5,627,613.02,408.8,204.22,720.26,4,5,4,0
20250101,2025-01,West,abrasives,e-shop,6,183,201.7,119.19,82.51,209.1,6,6,6,2
20250101,2025-01,West,abrasives,field-sales,4,214,238.42,140.19,98.23,252.19,4,4,4,1
20250101,2025-01,West,abrasives,phone,1,33,31.59,19.47,12.12,34.64,1,1,1,0
20250101,2025-01,West,chemicals,branch,7,483,3030.47,1847.69,1182.78,3311.45,6,6,5,0
20250101,2025-01,West,chemicals,e-shop,5,434,2558.84,1534.56,1024.28,2875.66,5,4,4,0
20250101,2025-01,West,chemicals,field-sales,6,638,3697.49,2210.52,1486.97,4154.1,6,6,6,0
20250101,2025-01,West,chemicals,phone,2,336,1964.73,1277.6,687.13,2440.91,2,2,2,0
20250101,2025-01,West,fasteners,branch,6,1059,854.42,561.78,292.64,976.75,5,6,5,0
20250101,2025-01,West,fasteners,e-shop,12,1146,908.96,631.94,277.02,1083.38,12,11,11,0
20250101,2025-01,West,fasteners,field-sales,9,651,558.32,341.54,216.78,589.92,8,9,8,2
20250101,2025-01,West,fasteners,phone,3,233,188.81,122.44,66.37,212.59,3,3,3,0
20250101,2025-01,West,hand tools,e-shop,4,392,8380.03,6465.31,1914.72,9679.16,4,4,4,0
20250101,2025-01,West,power tools,e-shop,3,141,19347.95,14652.27,4695.68,20420.42,3,3,3,0
20250101,2025-01,West,power tools,phone,1,190,23968.3,19996.13,3972.17,28364.85,1,1,1,0
20250101,2025-01,West,ppe,branch,5,583,1695.77,1236.89,458.88,2016.34,5,5,5,1
20250101,2025-01,West,ppe,e-shop,9,359,1145.15,799.32,345.83,1255.82,8,9,8,1
20250101,2025-01,West,ppe,field-sales,4,274,829.13,582.89,246.24,934.96,3,3,2,1
20250101,2025-01,West,ppe,phone,1,322,982.97,692.05,290.92,1155.08,1,1,1,0
20250201,2025-02,DACH-North,abrasives,branch,3,158,162.02,97.54,64.48,171.75,3,3,3,0
20250201,2025-02,DACH-North,abrasives,e-shop,8,549,514.63,329.9,184.73,580.32,6,8,6,0
20250201,2025-02,DACH-North,abrasives,field-sales,5,373,396.89,243.81,153.08,429.63,4,5,4,0
20250201,2025-02,DACH-North,abrasives,phone,1,65,69.47,41.97,27.5,72.44,1,1,1,0
20250201,2025-02,DACH-North,chemicals,branch,5,224,1344.37,799.46,544.91,1482.16,5,5,5,0
20250201,2025-02,DACH-North,chemicals,e-shop,7,523,3040.52,1869.39,1171.13,3434.02,6,7,6,0
20250201,2025-02,DACH-North,chemicals,field-sales,8,568,3512.18,2013.04,1499.14,3770.39,4,8,4,0
20250201,2025-02,DACH-North,chemicals,phone,2,192,1062.44,661.21,401.23,1221.75,2,2,2,0
20250201,2025-02,DACH-North,fasteners,branch,8,395,335.01,220.51,114.5,382.5,8,6,6,0
20250201,2025-02,DACH-North,fasteners,e-shop,15,1025,831.6,532.75,298.85,916.02,15,15,15,0
20250201,2025-02,DACH-North,fasteners,field-sales,6,513,397.16,266.51,130.65,465.11,5,6,5,0
20250201,2025-02,DACH-North,fasteners,phone,3,165,138.89,86.02,52.87,150.18,2,3,2,0
20250201,2025-02,DACH-North,hand tools,branch,1,39,904.11,647.4,256.71,1026.23,1,0,0,0
20250201,2025-02,DACH-North,hand tools,e-shop,7,362,8478.06,6043.34,2434.72,9051.35,7,7,7,0
20250201,2025-02,DACH-North,hand tools,field-sales,1,45,841.89,683.1,158.79,1002.25,1,1,1,0
20250201,2025-02,DACH-North,power tools,e-shop,2,102,12640.14,10114.0,2526.14,14259.17,2,2,2,1
20250201,2025-02,DACH-North,power tools,field-sales,4,442,51329.97,43471.62,7858.35,59965.41,4,4,4,0
20250201,2025-02,DACH-North,power tools,phone,1,43,5479.76,4715.43,764.33,6492.6,1,1,1,0
20250201,2025-02,DACH-North,ppe,branch,7,1210,3870.6,2749.59,1121.01,4370.38,6,7,6,0
20250201,2025-02,DACH-North,ppe,e-shop,3,534,1531.08,1126.84,404.24,1872.85,3,3,3,0
20250201,2025-02,DACH-North,ppe,field-sales,2,343,1082.26,791.29,290.97,1233.32,2,2,2,0
20250201,2025-02,DACH-North,ppe,phone,1,216,713.22,538.24,174.98,828.36,1,1,1,0
20250201,2025-02,DACH-South,abrasives,branch,7,263,273.08,164.27,108.81,293.59,7,7,7,0
20250201,2025-02,DACH-South,abrasives,e-shop,12,1054,1106.47,707.58,398.89,1247.27,10,12,10,0
20250201,2025-02,DACH-South,abrasives,field-sales,4,201,213.39,122.48,90.91,223.31,4,3,3,0
20250201,2025-02,DACH-South,abrasives,phone,3,354,349.61,211.44,138.17,372.98,3,3,3,0
20250201,2025-02,DACH-South,chemicals,branch,8,473,2995.93,1831.94,1163.99,3321.88,8,8,8,0
20250201,2025-02,DACH-South,chemicals,e-shop,5,647,3928.05,2345.37,1582.68,4469.42,5,5,5,0
20250201,2025-02,DACH-South,chemicals,field-sales,5,394,2442.84,1459.05,983.79,2679.55,4,5,4,1
20250201,2025-02,DACH-South,chemicals,phone,1,1,5.99,3.57,2.42,6.37,1,1,1,0
20250201,2025-02,DACH-South,fasteners,branch,8,515,425.68,262.55,163.13,457.16,8,7,7,2
20250201,2025-02,DACH-South,fasteners,e-shop,13,903,770.16,471.99,298.17,832.62,12,11,10,0
20250201,2025-02,DACH-South,fasteners,field-sales,9,509,456.92,283.02,173.9,484.69,8,9,8,0
20250201,2025-02,DACH-South,fasteners,phone,5,436,385.71,235.96,149.75,408.27,4,5,4,0
20250201,2025-02,DACH-South,hand tools,e-shop,3,393,9182.57,6352.13,2830.44,9573.96,1,3,1,0
20250201,2025-02,DACH-South,hand tools,field-sales,3,130,3213.18,2337.19,875.99,3479.65,3,3,3,1
20250201,2025-02,DACH-South,power tools,branch,4,354,50675.62,39119.58,11556.04,54320.34,4,4,4,1
20250201,2025-02,DACH-South,power tools,e-shop,8,548,75587.88,58261.24,17326.64,80995.57,7,8,7,0
20250201,2025-02,DACH-South,power tools,field-sales,4,356,48872.43,37628.61,11243.82,52025.12,4,4,4,0
20250201,2025-02,DACH-South,ppe,branch,1,66,208.16,143.93,64.23,240.09,1,1,1,0
20250201,2025-02,DACH-South,ppe,e-shop,7,423,1364.31,918.54,445.77,1460.51,6,7,6,0
20250201,2025-02,DACH-South,ppe,field-sales,8,904,2542.08,1819.28,722.8,2969.3,6,7,5,0
20250201,2025-02,DACH-South,ppe,phone,4,189,581.56,395.8,185.76,647.19,4,4,4,0
20250201,2025-02,East,abrasives,branch,6,432,416.99,257.36,159.63,460.98,6,6,6,0
20250201,2025-02,East,abrasives,e-shop,8,401,425.62,265.91,159.71,464.76,7,8,7,0
20250201,2025-02,East,abrasives,field-sales,12,953,963.89,596.77,367.12,1058.46,11,12,11,0
20250201,2025-02,East,abrasives,phone,3,83,81.36,49.15,32.21,86.51,2,3,2,0
20250201,2025-02,East,chemicals,branch,8,822,4321.71,2881.87,1439.84,5337.08,7,8,7,0
20250201,2025-02,East,chemicals,e-shop,8,487,3070.52,1809.94,1260.58,3297.07,8,8,8,0
20250201,2025-02,East,chemicals,field-sales,6,313,2033.15,1149.41,883.74,2149.7,6,6,6,0
20250201,2025-02,East,chemicals,phone,1,169,983.8,583.94,399.86,1125.62,0,1,0,0
20250201,2025-02,East,fasteners,branch,3,920,705.03,462.18,242.85,811.18,3,3,3,0
20250201,2025-02,East,fasteners,e-shop,18,1439,1140.2,734.49,405.71,1282.79,16,18,16,1
20250201,2025-02,East,fasteners,field-sales,10,861,702.86,455.57,247.29,784.07,8,8,7,0
20250201,2025-02,East,fasteners,phone,3,50,43.55,25.59,17.96,44.85,3,3,3,0
20250201,2025-02,East,hand tools,branch,2,177,4194.23,3127.23,1067.0,4580.22,2,2,2,0
20250201,2025-02,East,hand tools,e-shop,3,169,3812.95,2818.97,993.98,4252.68,3,3,3,0
20250201,2025-02,East,hand tools,field-sales,6,556,12556.87,8892.64,3664.23,13727.97,6,6,6,0
20250201,2025-02,East,hand tools,phone,1,22,537.55,372.51,165.04,584.29,1,1,1,0
20250201,2025-02,East,power tools,branch,5,299,42166.36,32818.7,9347.66,45222.06,5,5,5,0
20250201,2025-02,East,power tools,e-shop,5,237,28957.77,23630.47,5327.3,32210.25,5,5,5,0
20250201,2025-02,East,power tools,field-sales,1,23,2996.5,2207.93,788.57,3076.48,1,1,1,0
20250201,2025-02,East,ppe,branch,3,116,361.69,248.31,113.38,399.03,3,3,3,0
20250201,2025-02,East,ppe,e-shop,6,372,1182.52,793.84,388.68,1301.54,6,5,5,0
20250201,2025-02,East,ppe,field-sales,3,312,986.84,656.9,329.94,1093.71,3,3,3,0
20250201,2025-02,East,ppe,phone,1,18,64.77,41.17,23.6,67.26,1,1,1,0
20250201,2025-02,Nordics,abrasives,branch,2,300,269.63,170.61,99.02,307.96,2,2,2,0
20250201,2025-02,Nordics,abrasives,e-shop,4,122,131.08,77.05,54.03,137.69,3,4,3,0
20250201,2025-02,Nordics,abrasives,field-sales,4,114,129.06,75.58,53.48,137.59,4,4,4,0
20250201,2025-02,Nordics,abrasives,phone,3,171,175.98,104.21,71.77,183.68,3,3,3,0
20250201,2025-02,Nordics,chemicals,e-shop,1,66,409.85,249.01,160.84,455.89,1,1,1,0
20250201,2025-02,Nordics,chemicals,field-sales,5,471,2688.11,1600.22,1087.89,2955.57,5,4,4,0
20250201,2025-02,Nordics,chemicals,phone,1,21,117.04,71.6,45.44,129.04,1,1,1,0
20250201,2025-02,Nordics,fasteners,branch,8,933,813.94,504.66,309.28,891.63,8,8,8,0
20250201,2025-02,Nordics,fasteners,e-shop,20,1101,919.16,574.99,344.17,989.63,17,19,16,1
20250201,2025-02,Nordics,fasteners,field-sales,10,949,751.29,511.21,240.08,869.22,9,10,9,0
20250201,2025-02,Nordics,fasteners,phone,3,324,280.54,180.27,100.27,322.65,3,3,3,0
20250201,2025-02,Nordics,hand tools,branch,1,25,562.12,364.74,197.38,562.12,1,1,1,0
20250201,2025-02,Nordics,hand tools,e-shop,3,190,3996.16,3016.44,979.72,4424.5,2,2,1,0
20250201,2025-02,Nordics,hand tools,field-sales,3,127,2780.51,1887.62,892.89,2864.38,3,3,3,0
20250201,2025-02,Nordics,hand tools,phone,2,184,4198.22,3077.01,1121.21,4566.16,2,2,2,0
20250201,2025-02,Nordics,power tools,branch,2,261,31818.42,27538.4,4280.02,37108.38,2,2,2,0
20250201,2025-02,Nordics,power tools,e-shop,10,574,74952.29,60058.66,14893.63,84380.8,10,9,9,0
20250201,2025-02,Nordics,power tools,field-sales,5,180,23484.67,18925.07,4559.6,25872.13,4,5,4,0
20250201,2025-02,Nordics,ppe,e-shop,6,748,2241.9,1568.14,673.76,2517.64,4,6,4,0
20250201,2025-02,Nordics,ppe,field-sales,6,448,1236.96,937.51,299.45,1484.8,6,6,6,0
20250201,2025-02,Nordics,ppe,phone,1,16,54.22,35.52,18.7,56.24,1,1,1,0
20250201,2025-02,West,abrasives,branch,3,112,121.62,72.32,49.3,130.06,3,3,3,0
20250201,2025-02,West,abrasives,e-shop,7,392,407.82,263.53,144.29,461.34,5,6,4,0
20250201,2025-02,West,abrasives,field-sales,6,412,410.29,262.87,147.42,461.5,5,6,5,0
20250201,2025-02,West,abrasives,phone,2,619,587.58,369.62,217.96,661.64,1,2,1,0
20250201,2025-02,West,chemicals,branch,2,243,1347.89,795.8,552.09,1514.37,2,2,2,0
20250201,2025-02,West,chemicals,e-shop,5,558,2948.5,1894.16,1054.34,3486.41,5,4,4,0
20250201,2025-02,West,chemicals,field-sales,4,288,1881.67,1126.06,755.61,2092.56,3,3,2,0
20250201,2025-02,West,chemicals,phone,3,138,828.56,474.87,353.69,894.15,3,3,3,0
20250201,2025-02,West,fasteners,branch,3,183,164.87,99.46,65.41,170.21,3,3,3,0
20250201,2025-02,West,fasteners,e-shop,6,516,419.64,267.98,151.66,460.98,4,6,4,0
20250201,2025-02,West,fasteners,field-sales,7,306,270.32,160.21,110.11,283.15,6,7,6,0
20250201,2025-02,West,fasteners,phone,2,75,71.68,42.08,29.6,71.87,2,2,2,0
20250201,2025-02,West,hand tools,branch,2,40,864.47,630.23,234.24,947.7,2,2,2,0
20250201,2025-02,West,hand tools,e-shop,1,25,669.48,455.61,213.87,680.37,1,1,1,0
20250201,2025-02,West,hand tools,field-sales,3,214,5019.42,3703.91,1315.51,5553.76,3,3,3,0
20250201,2025-02,West,hand tools,phone,4,486,11552.16,8544.52,3007.64,13120.31,4,4,4,0
20250201,2025-02,West,power tools,e-shop,5,653,77922.79,65301.32,12621.47,92130.79,4,5,4,0
20250201,2025-02,West,power tools,phone,2,35,4934.29,3638.62,1295.67,5087.87,1,2,1,0
20250201,2025-02,West,ppe,branch,2,69,212.18,145.11,67.07,226.47,2,2,2,0
20250201,2025-02,West,ppe,e-shop,5,414,1325.85,882.19,443.66,1428.47,3,5,3,0
20250201,2025-02,West,ppe,field-sales,2,305,895.7,620.67,275.03,973.87,2,2,2,0
20250201,2025-02,West,ppe,phone,2,162,563.43,378.38,185.05,599.15,1,2,1,0
20250301,2025-03,DACH-North,abrasives,branch,3,511,485.62,316.87,168.75,568.99,3,3,3,0
20250301,2025-03,DACH-North,abrasives,e-shop,8,853,841.3,539.64,301.66,956.79,7,8,7,0
20250301,2025-03,DACH-North,abrasives,field-sales,5,445,464.08,285.18,178.9,517.46,4,5,4,0
20250301,2025-03,DACH-North,abrasives,phone,3,83,95.37,53.58,41.79,98.45,3,3,3,0
20250301,2025-03,DACH-North,chemicals,branch,9,437,2546.05,1493.34,1052.71,2766.88,8,9,8,0
20250301,2025-03,DACH-North,chemicals,e-shop,8,771,4529.97,2715.67,1814.3,5093.04,7,7,6,1
20250301,2025-03,DACH-North,chemicals,field-sales,6,443,2641.49,1597.23,1044.26,2954.28,6,6,6,0
20250301,2025-03,DACH-North,chemicals,phone,2,81,567.41,307.13,260.28,586.93,2,2,2,1
20250301,2025-03,DACH-North,fasteners,branch,11,1202,991.73,669.0,322.73,1150.88,9,9,8,1
20250301,2025-03,DACH-North,fasteners,e-shop,15,1328,1137.82,734.27,403.55,1261.63,11,15,11,0
20250301,2025-03,DACH-North,fasteners,field-sales,14,1164,931.52,609.57,321.95,1056.0,14,12,12,0
20250301,2025-03,DACH-North,fasteners,phone,1,64,63.51,36.03,27.48,63.76,1,1,1,0
20250301,2025-03,DACH-North,hand tools,branch,1,55,1380.18,1037.57,342.61,1516.69,1,1,1,0
20250301,2025-03,DACH-North,hand tools,e-shop,7,402,9190.75,6766.03,2424.72,10517.9,6,7,6,0
20250301,2025-03,DACH-North,hand tools,field-sales,3,338,6991.54,5141.48,1850.06,8056.36,3,3,3,0
20250301,2025-03,DACH-North,power tools,branch,3,327,43236.37,32139.51,11096.86,45756.99,3,3,3,0
20250301,2025-03,DACH-North,power tools,e-shop,5,452,61181.3,51069.37,10111.93,69359.28,5,5,5,0
20250301,2025-03,DACH-North,power tools,field-sales,5,167,21640.51,16604.99,5035.52,23393.6,5,5,5,0
20250301,2025-03,DACH-North,power tools,phone,1,17,2251.53,1718.58,532.95,2333.19,1,1,1,0
20250301,2025-03,DACH-North,ppe,branch,5,331,1095.35,751.58,343.77,1219.22,4,4,3,0
20250301,2025-03,DACH-North,ppe,e-shop,9,661,2029.93,1444.01,585.92,2307.6,7,7,5,0
20250301,2025-03,DACH-North,ppe,field-sales,7,449,1368.57,931.46,437.11,1509.86,6,6,5,0
20250301,2025-03,DACH-North,ppe,phone,4,389,1098.58,843.53,255.05,1333.3,4,4,4,0
20250301,2025-03,DACH-South,abrasives,branch,5,351,326.89,208.31,118.58,371.85,5,5,5,1
20250301,2025-03,DACH-South,abrasives,e-shop,12,736,751.87,445.31,306.56,790.52,10,11,9,1
20250301,2025-03,DACH-South,abrasives,field-sales,5,625,602.38,376.07,226.31,683.36,5,5,5,0
20250301,2025-03,DACH-South,abrasives,phone,2,374,310.47,213.83,96.64,373.77,2,2,2,0
20250301,2025-03,DACH-South,chemicals,branch,6,398,2439.59,1436.46,1003.13,2716.73,6,4,4,0
20250301,2025-03,DACH-South,chemicals,e-shop,20,1348,8090.06,4915.76,3174.3,9038.63,20,19,19,0
20250301,2025-03,DACH-South,chemicals,field-sales,8,308,1913.52,1126.0,787.52,2049.43,7,8,7,0
20250301,2025-03,DACH-South,chemicals,phone,5,275,1727.08,985.86,741.22,1819.68,5,5,5,0
20250301,2025-03,DACH-South,fasteners,branch,3,126,105.38,64.12,41.26,111.14,3,3,3,0
20250301,2025-03,DACH-South,fasteners,e-shop,14,872,721.31,449.37,271.94,790.78,13,14,13,0
20250301,2025-03,DACH-South,fasteners,field-sales,10,577,484.66,305.4,179.26,533.59,9,10,9,0
20250301,2025-03,DACH-South,fasteners,phone,5,328,283.73,178.29,105.44,306.8,5,5,5,0
20250301,2025-03,DACH-South,hand tools,branch,1,94,2137.87,1511.31,626.56,2203.99,1,1,1,0
20250301,2025-03,DACH-South,hand tools,e-shop,6,335,7249.91,5332.78,1917.13,8112.79,4,6,4,0
20250301,2025-03,DACH-South,hand tools,field-sales,4,228,5087.53,3680.93,1406.6,5577.46,3,4,3,0
20250301,2025-03,DACH-South,power tools,branch,3,122,15922.33,11886.34,4035.99,16499.49,3,3,3,1
20250301,2025-03,DACH-South,power tools,e-shop,15,1171,159823.98,121983.65,37840.33,172055.36,13,14,12,2
20250301,2025-03,DACH-South,power tools,field-sales,9,756,94086.58,74787.01,19299.57,105078.28,7,9,7,1
20250301,2025-03,DACH-South,power tools,phone,1,42,4709.83,3947.63,762.2,5554.04,1,1,1,0
20250301,2025-03,DACH-South,ppe,branch,6,505,1598.43,1146.05,452.38,1865.33,5,6,5,1
20250301,2025-03,DACH-South,ppe,e-shop,6,332,1059.58,714.72,344.86,1155.91,6,5,5,0
20250301,2025-03,DACH-South,ppe,field-sales,7,861,2593.06,1839.22,753.84,3055.2,7,6,6,0
20250301,2025-03,DACH-South,ppe,phone,1,61,225.22,140.78,84.44,233.39,1,1,1,0
20250301,2025-03,East,abrasives,branch,5,731,728.14,467.48,260.66,845.08,5,5,5,0
20250301,2025-03,East,abrasives,e-shop,8,718,668.49,426.82,241.67,770.4,8,8,8,1
20250301,2025-03,East,abrasives,field-sales,11,575,615.68,378.57,237.11,673.16,9,10,8,2
20250301,2025-03,East,abrasives,phone,1,215,226.5,147.86,78.64,261.25,1,1,1,0
20250301,2025-03,East,chemicals,branch,2,84,529.86,289.4,240.46,547.79,1,2,1,1
20250301,2025-03,East,chemicals,e-shop,8,436,2724.47,1560.92,1163.55,2853.29,7,8,7,1
20250301,2025-03,East,chemicals,field-sales,6,338,2220.42,1271.75,948.67,2393.09,5,5,4,1
20250301,2025-03,East,chemicals,phone,2,151,874.6,510.87,363.73,928.65,1,2,1,2
20250301,2025-03,East,fasteners,branch,11,762,590.29,396.46,193.83,690.04,11,11,11,0
20250301,2025-03,East,fasteners,e-shop,13,986,800.7,527.7,273.0,917.96,10,13,10,0
20250301,2025-03,East,fasteners,field-sales,16,841,704.4,445.79,258.61,760.73,14,16,14,1
20250301,2025-03,East,fasteners,phone,8,632,514.43,336.16,178.27,566.82,7,8,7,0
20250301,2025-03,East,hand tools,branch,2,142,3366.3,2460.02,906.28,3663.94,2,2,2,0
20250301,2025-03,East,hand tools,e-shop,4,628,13888.36,10106.92,3781.44,15724.02,4,3,3,0
20250301,2025-03,East,hand tools,field-sales,4,424,9570.07,6790.9,2779.17,10513.86,4,4,4,0
20250301,2025-03,East,hand tools,phone,1,38,798.14,578.68,219.46,869.44,0,1,0,0
20250301,2025-03,East,power tools,e-shop,3,128,16602.03,13559.76,3042.27,19078.25,3,3,3,0
20250301,2025-03,East,power tools,field-sales,3,180,25712.96,19067.0,6645.96,26099.74,3,3,3,0
20250301,2025-03,East,power tools,phone,3,206,28152.56,21585.46,6567.1,31350.73,3,3,3,1
20250301,2025-03,East,ppe,branch,4,166,568.31,378.94,189.37,608.9,4,4,4,0
20250301,2025-03,East,ppe,e-shop,5,395,1230.8,886.03,344.77,1404.05,3,5,3,1
20250301,2025-03,East,ppe,field-sales,8,324,1108.12,723.44,384.68,1156.59,8,7,7,0
20250301,2025-03,East,ppe,phone,2,104,314.46,194.59,119.87,327.36,2,2,2,0
20250301,2025-03,Nordics,abrasives,branch,2,130,118.86,78.02,40.84,137.53,2,2,2,0
20250301,2025-03,Nordics,abrasives,e-shop,11,750,801.83,492.45,309.38,865.31,10,11,10,0
20250301,2025-03,Nordics,abrasives,field-sales,2,149,165.87,94.3,71.57,171.33,2,2,2,0
20250301,2025-03,Nordics,abrasives,phone,4,128,133.44,79.14,54.3,142.79,4,3,3,1
20250301,2025-03,Nordics,chemicals,branch,6,637,3604.11,2139.75,1464.36,4045.76,6,6,6,0
20250301,2025-03,Nordics,chemicals,e-shop,13,624,3791.08,2241.84,1549.24,4126.5,12,12,11,0
20250301,2025-03,Nordics,chemicals,field-sales,4,600,3523.96,2301.51,1222.45,4200.21,3,4,3,0
20250301,2025-03,Nordics,chemicals,phone,1,17,102.97,54.37,48.6,103.91,1,1,1,1
20250301,2025-03,Nordics,fasteners,branch,6,623,507.0,338.59,168.41,577.53,5,6,5,0
20250301,2025-03,Nordics,fasteners,e-shop,15,1207,975.08,636.65,338.43,1104.46,13,15,13,1
20250301,2025-03,Nordics,fasteners,field-sales,8,318,291.74,175.39,116.35,302.27,7,8,7,1
20250301,2025-03,Nordics,fasteners,phone,4,278,222.38,142.31,80.07,250.42,4,4,4,0
20250301,2025-03,Nordics,hand tools,branch,3,380,8262.46,6788.94,1473.52,9893.83,3,3,3,0
20250301,2025-03,Nordics,hand tools,e-shop,11,1278,27575.45,20615.87,6959.58,31606.41,11,11,11,0
20250301,2025-03,Nordics,hand tools,field-sales,4,251,5749.83,4134.37,1615.46,6228.96,4,4,4,0
20250301,2025-03,Nordics,hand tools,phone,3,119,2624.1,1874.97,749.13,2747.9,3,3,3,1
20250301,2025-03,Nordics,power tools,branch,2,125,17121.68,13138.29,3983.39,18371.99,1,2,1,0
20250301,2025-03,Nordics,power tools,e-shop,5,226,31716.25,23733.65,7982.6,33363.09,5,5,5,0
20250301,2025-03,Nordics,power tools,field-sales,5,708,77546.34,66795.91,10750.43,94260.4,3,5,3,1
20250301,2025-03,Nordics,power tools,phone,1,52,6977.29,5102.49,1874.8,7283.18,1,1,1,0
20250301,2025-03,Nordics,ppe,branch,3,398,1207.93,850.31,357.62,1380.0,2,3,2,0
20250301,2025-03,Nordics,ppe,e-shop,9,766,2327.38,1653.49,673.89,2655.94,8,9,8,1
20250301,2025-03,Nordics,ppe,field-sales,4,413,1326.61,963.01,363.6,1499.5,4,3,3,0
20250301,2025-03,Nordics,ppe,phone,2,58,195.11,123.25,71.86,202.99,2,2,2,0
20250301,2025-03,West,abrasives,branch,3,149,142.73,85.11,57.62,155.46,3,3,3,0
20250301,2025-03,West,abrasives,e-shop,5,340,357.5,215.68,141.82,384.86,3,5,3,0
20250301,2025-03,West,abrasives,field-sales,10,1156,1106.57,697.46,409.11,1250.68,10,10,10,0
20250301,2025-03,West,abrasives,phone,2,430,394.39,258.15,136.24,446.69,2,2,2,0
20250301,2025-03,West,chemicals,branch,7,479,2809.95,1635.62,1174.33,3110.01,5,7,5,0
20250301,2025-03,West,chemicals,e-shop,5,439,2706.34,1716.13,990.21,3172.74,5,5,5,1
20250301,2025-03,West,chemicals,field-sales,9,638,4030.96,2416.48,1614.48,4487.13,8,8,7,0
20250301,2025-03,West,chemicals,phone,4,340,2062.85,1228.05,834.8,2343.73,2,4,2,1
20250301,2025-03,West,fasteners,branch,6,586,469.79,302.35,167.44,529.52,6,6,6,0
20250301,2025-03,West,fasteners,e-shop,11,999,804.87,538.79,266.08,943.08,10,10,9,0
20250301,2025-03,West,fasteners,field-sales,7,635,526.8,355.97,170.83,600.7,6,6,5,1
20250301,2025-03,West,fasteners,phone,2,76,66.17,40.49,25.68,71.41,2,2,2,0
20250301,2025-03,West,hand tools,branch,2,34,721.65,511.67,209.98,799.36,0,2,0,0
20250301,2025-03,West,hand tools,e-shop,1,360,6446.12,5068.07,1378.05,7909.34,0,1,0,1
20250301,2025-03,West,hand tools,field-sales,7,462,10940.82,7762.02,3178.8,11863.94,5,6,5,1
20250301,2025-03,West,hand tools,phone,1,304,6726.49,4875.96,1850.53,7351.36,1,1,1,0
20250301,2025-03,West,power tools,branch,4,527,72128.18,56320.22,15807.96,79372.55,4,4,4,2
20250301,2025-03,West,power tools,e-shop,3,239,30432.15,22443.06,7989.09,32251.66,3,3,3,0
20250301,2025-03,West,power tools,field-sales,3,309,37382.13,30491.46,6890.67,42745.29,3,3,3,0
20250301,2025-03,West,power tools,phone,2,109,14145.58,10213.11,3932.47,14632.02,2,2,2,0
20250301,2025-03,West,ppe,branch,4,374,1233.14,852.71,380.43,1385.16,3,4,3,0
20250301,2025-03,West,ppe,e-shop,6,315,1014.34,694.7,319.64,1095.94,6,6,6,0
20250301,2025-03,West,ppe,field-sales,8,717,2273.49,1521.75,751.74,2463.39,8,8,8,0
20250301,2025-03,West,ppe,phone,1,52,181.27,117.82,63.45,198.11,0,0,0,0
20250401,2025-04,DACH-North,abrasives,branch,4,160,180.08,105.82,74.26,188.82,4,4,4,0
20250401,2025-04,DACH-North,abrasives,e-shop,14,1288,1322.23,820.18,502.05,1481.8,14,13,13,0
20250401,2025-04,DACH-North,abrasives,field-sales,5,716,656.26,443.97,212.29,792.93,5,4,4,0
20250401,2025-04,DACH-North,abrasives,phone,3,131,124.05,79.62,44.43,138.85,1,3,1,0
20250401,2025-04,DACH-North,chemicals,branch,5,553,3616.34,2198.07,1418.27,4060.14,5,5,5,0
20250401,2025-04,DACH-North,chemicals,e-shop,5,443,2636.7,1671.85,964.85,3039.29,4,5,4,0
20250401,2025-04,DACH-North,chemicals,field-sales,5,102,588.05,347.45,240.6,640.33,4,5,4,0
20250401,2025-04,DACH-North,chemicals,phone,4,228,1223.78,742.81,480.97,1429.56,4,4,4,0
20250401,2025-04,DACH-North,fasteners,branch,11,1121,939.91,602.14,337.77,1032.47,9,11,9,0
20250401,2025-04,DACH-North,fasteners,e-shop,8,344,291.33,178.8,112.53,311.56,7,8,7,0
20250401,2025-04,DACH-North,fasteners,field-sales,11,736,554.89,363.7,191.19,629.21,10,11,10,0
20250401,2025-04,DACH-North,fasteners,phone,4,282,240.14,156.6,83.54,263.08,3,3,2,0
20250401,2025-04,DACH-North,hand tools,branch,4,243,5336.02,3871.32,1464.7,5953.12,4,4,4,1
20250401,2025-04,DACH-North,hand tools,e-shop,3,109,2446.02,1660.77,785.25,2569.0,3,3,3,0
20250401,2025-04,DACH-North,hand tools,field-sales,6,822,17373.69,13279.6,4094.09,20222.28,4,6,4,0
20250401,2025-04,DACH-North,hand tools,phone,2,256,6045.14,4383.16,1661.98,6573.41,2,2,2,0
20250401,2025-04,DACH-North,power tools,branch,1,57,7397.89,6244.76,1153.13,8397.15,1,1,1,0
20250401,2025-04,DACH-North,power tools,e-shop,6,180,24213.29,18519.08,5694.21,26017.62,4,6,4,0
20250401,2025-04,DACH-North,power tools,field-sales,1,19,2458.2,1992.79,465.41,2734.37,1,1,1,1
20250401,2025-04,DACH-North,power tools,phone,3,287,36864.35,31715.04,5149.31,42951.25,3,3,3,0
20250401,2025-04,DACH-North,ppe,branch,6,264,895.7,594.43,301.27,962.56,6,6,6,0
20250401,2025-04,DACH-North,ppe,e-shop,10,817,2457.98,1782.82,675.16,2865.77,10,9,9,1
20250401,2025-04,DACH-North,ppe,field-sales,12,856,2770.61,1918.88,851.73,3052.23,12,12,12,0
20250401,2025-04,DACH-North,ppe,phone,1,82,292.01,174.84,117.17,293.48,1,1,1,0
20250401,2025-04,DACH-South,abrasives,branch,10,515,530.23,328.39,201.84,581.27,8,9,8,0
20250401,2025-04,DACH-South,abrasives,e-shop,8,552,564.85,347.05,217.8,620.1,6,8,6,0
20250401,2025-04,DACH-South,abrasives,field-sales,10,515,533.2,320.94,212.26,583.83,10,10,10,0
20250401,2025-04,DACH-South,abrasives,phone,2,80,82.29,47.46,34.83,85.43,2,2,2,0
20250401,2025-04,DACH-South,chemicals,branch,6,646,3652.62,2221.08,1431.54,4212.06,4,5,4,0
20250401,2025-04,DACH-South,chemicals,e-shop,14,775,4798.45,2895.0,1903.45,5287.89,11,13,11,1
20250401,2025-04,DACH-South,chemicals,field-sales,8,820,4590.03,2884.94,1705.09,5247.08,7,8,7,1
20250401,2025-04,DACH-South,chemicals,phone,1,92,481.1,298.4,182.7,563.35,1,1,1,0
20250401,2025-04,DACH-South,fasteners,branch,10,881,703.2,457.45,245.75,788.29,9,10,9,0
20250401,2025-04,DACH-South,fasteners,e-shop,20,1664,1373.78,882.06,491.72,1522.13,18,19,17,0
20250401,2025-04,DACH-South,fasteners,field-sales,14,595,507.0,320.18,186.82,550.98,13,14,13,0
20250401,2025-04,DACH-South,fasteners,phone,5,195,170.12,106.49,63.63,186.03,5,4,4,0
20250401,2025-04,DACH-South,hand tools,branch,6,482,10376.28,7429.89,2946.39,11244.27,5,6,5,0
20250401,2025-04,DACH-South,hand tools,e-shop,7,329,6737.17,5258.67,1478.5,7796.43,6,7,6,0
20250401,2025-04,DACH-South,hand tools,field-sales,10,529,10909.62,8477.63,2431.99,12713.62,10,10,10,0
20250401,2025-04,DACH-South,hand tools,phone,2,299,6074.55,4597.14,1477.41,7272.06,2,2,2,0
20250401,2025-04,DACH-South,power tools,branch,5,510,66834.35,56854.58,9979.77,76271.93,4,5,4,0
20250401,2025-04,DACH-South,power tools,e-shop,10,762,102565.72,82716.31,19849.41,113803.31,7,10,7,0
20250401,2025-04,DACH-South,power tools,field-sales,5,600,65169.85,58022.02,7147.83,81800.84,5,5,5,1
20250401,2025-04,DACH-South,power tools,phone,1,60,7979.88,6114.98,1864.9,8788.42,1,1,1,0
20250401,2025-04,DACH-South,ppe,branch,4,195,644.05,436.33,207.72,711.11,3,4,3,0
20250401,2025-04,DACH-South,ppe,e-shop,12,977,3178.72,2241.33,937.39,3553.52,12,12,12,0
20250401,2025-04,DACH-South,ppe,field-sales,5,423,1424.06,930.11,493.95,1500.18,5,5,5,0
20250401,2025-04,DACH-South,ppe,phone,6,345,1099.59,745.84,353.75,1203.19,6,6,6,0
20250401,2025-04,East,abrasives,branch,2,139,141.92,90.81,51.11,159.25,2,2,2,0
20250401,2025-04,East,abrasives,e-shop,10,592,612.93,385.07,227.86,679.35,10,10,10,0
20250401,2025-04,East,abrasives,field-sales,10,1038,1024.86,650.37,374.49,1163.38,9,10,9,0
20250401,2025-04,East,abrasives,phone,3,154,167.66,103.76,63.9,179.81,2,3,2,0
20250401,2025-04,East,chemicals,branch,6,417,2602.73,1509.4,1093.33,2821.46,5,5,4,0
20250401,2025-04,East,chemicals,e-shop,13,641,3857.21,2337.67,1519.54,4318.59,11,13,11,0
20250401,2025-04,East,chemicals,field-sales,11,1187,7253.06,4393.21,2859.85,8138.05,10,11,10,0
20250401,2025-04,East,chemicals,phone,3,153,1018.34,571.55,446.79,1065.41,3,3,3,0
20250401,2025-04,East,fasteners,branch,5,373,308.24,195.19,113.05,335.79,5,5,5,0
20250401,2025-04,East,fasteners,e-shop,30,2529,2050.22,1338.23,711.99,2312.7,27,30,27,0
20250401,2025-04,East,fasteners,field-sales,15,1414,1180.03,763.95,416.08,1332.34,12,12,10,0
20250401,2025-04,East,hand tools,branch,1,23,625.21,426.44,198.77,625.21,1,1,1,1
20250401,2025-04,East,hand tools,e-shop,10,787,17758.05,12791.97,4966.08,19765.88,9,10,9,0
20250401,2025-04,East,hand tools,field-sales,8,648,14134.18,10854.69,3279.49,16693.14,5,8,5,0
20250401,2025-04,East,hand tools,phone,3,225,4936.4,3619.46,1316.94,5579.35,2,3,2,0
20250401,2025-04,East,power tools,branch,2,103,13642.84,10596.6,3046.24,14135.47,1,2,1,0
20250401,2025-04,East,power tools,e-shop,7,1199,159358.88,128911.88,30447.0,180878.3,7,5,5,1
20250401,2025-04,East,power tools,field-sales,8,364,47415.12,37888.5,9526.62,52582.86,7,8,7,1
20250401,2025-04,East,power tools,phone,1,18,2527.21,1865.78,661.43,2592.01,1,1,1,0
20250401,2025-04,East,ppe,branch,3,503,1552.81,1102.62,450.19,1753.73,3,3,3,0
20250401,2025-04,East,ppe,e-shop,7,306,955.12,644.77,310.35,1023.93,6,7,6,0
20250401,2025-04,East,ppe,field-sales,7,543,1698.58,1251.04,447.54,1971.71,6,7,6,0
20250401,2025-04,East,ppe,phone,2,127,390.41,265.45,124.96,430.43,2,2,2,0
20250401,2025-04,Nordics,abrasives,branch,2,196,187.33,111.49,75.84,206.47,2,2,2,0
20250401,2025-04,Nordics,abrasives,e-shop,7,368,399.21,242.04,157.17,427.21,7,7,7,0
20250401,2025-04,Nordics,abrasives,field-sales,4,195,215.27,131.67,83.6,229.39,3,4,3,0
20250401,2025-04,Nordics,abrasives,phone,3,376,340.66,230.06,110.6,404.61,2,2,1,0
20250401,2025-04,Nordics,chemicals,branch,4,430,2314.66,1523.26,791.4,2816.69,4,4,4,0
20250401,2025-04,Nordics,chemicals,e-shop,8,351,2154.48,1256.89,897.59,2298.41,8,8,8,0
20250401,2025-04,Nordics,chemicals,field-sales,8,718,4378.27,2764.86,1613.41,5008.65,5,8,5,1
20250401,2025-04,Nordics,chemicals,phone,1,64,386.45,235.69,150.76,434.7,1,1,1,0
20250401,2025-04,Nordics,fasteners,branch,2,119,94.92,60.77,34.15,104.06,2,2,2,0
20250401,2025-04,Nordics,fasteners,e-shop,10,716,596.43,389.68,206.75,661.14,10,9,9,0
20250401,2025-04,Nordics,fasteners,field-sales,14,1253,1005.57,650.66,354.91,1108.43,14,14,14,0
20250401,2025-04,Nordics,fasteners,phone,2,121,116.69,70.35,46.34,120.98,1,2,1,0
20250401,2025-04,Nordics,hand tools,branch,1,21,449.09,311.83,137.26,459.2,1,1,1,1
20250401,2025-04,Nordics,hand tools,e-shop,3,238,5227.87,3824.34,1403.53,5879.75,3,3,3,0
20250401,2025-04,Nordics,hand tools,field-sales,4,152,3538.79,2494.75,1044.04,3792.98,3,4,3,1
20250401,2025-04,Nordics,hand tools,phone,2,253,6468.37,4505.06,1963.31,6835.32,2,2,2,0
20250401,2025-04,Nordics,power tools,e-shop,2,70,9156.62,6947.88,2208.74,9573.75,2,2,2,0
20250401,2025-04,Nordics,power tools,field-sales,6,190,23460.31,18674.22,4786.09,25430.17,6,6,6,0
20250401,2025-04,Nordics,power tools,phone,3,98,13770.49,10476.94,3293.55,14629.99,3,3,3,0
20250401,2025-04,Nordics,ppe,branch,1,1,3.25,2.11,1.14,3.25,1,1,1,0
20250401,2025-04,Nordics,ppe,e-shop,8,360,1112.91,736.98,375.93,1200.33,7,8,7,0
20250401,2025-04,Nordics,ppe,field-sales,7,326,1012.36,700.8,311.56,1106.52,5,5,4,1
20250401,2025-04,Nordics,ppe,phone,1,17,55.4,33.83,21.57,57.29,1,0,0,0
20250401,2025-04,West,abrasives,branch,2,64,61.32,36.58,24.74,65.29,2,2,2,0
20250401,2025-04,West,abrasives,e-shop,6,159,156.21,92.34,63.87,169.05,6,6,6,0
20250401,2025-04,West,abrasives,field-sales,8,720,748.25,475.15,273.1,837.34,8,8,8,0
20250401,2025-04,West,chemicals,branch,6,494,2800.32,1656.18,1144.14,3135.98,6,6,6,0
20250401,2025-04,West,chemicals,e-shop,12,1097,6041.94,3870.76,2171.18,7013.17,11,12,11,1
20250401,2025-04,West,chemicals,field-sales,9,526,2975.23,1815.76,1159.47,3292.0,8,9,8,1
20250401,2025-04,West,fasteners,branch,12,758,609.74,404.05,205.69,689.52,10,12,10,0
20250401,2025-04,West,fasteners,e-shop,8,352,277.9,180.56,97.34,308.21,7,8,7,1
20250401,2025-04,West,fasteners,field-sales,12,871,755.24,475.91,279.33,840.95,10,12,10,0
20250401,2025-04,West,fasteners,phone,7,345,303.76,193.07,110.69,324.54,6,6,5,0
20250401,2025-04,West,hand tools,branch,3,284,6033.29,4629.44,1403.85,7011.73,2,3,2,0
20250401,2025-04,West,hand tools,e-shop,6,518,10517.41,8122.13,2395.28,12465.75,6,6,6,0
20250401,2025-04,West,hand tools,field-sales,2,106,2365.99,1821.49,544.5,2746.62,2,2,2,0
20250401,2025-04,West,power tools,branch,1,201,29468.99,22031.66,7437.33,31619.09,1,1,1,0
20250401,2025-04,West,power tools,e-shop,3,66,8935.58,6772.13,2163.45,9795.3,3,3,3,0
20250401,2025-04,West,power tools,field-sales,4,222,29573.68,23463.57,6110.11,32431.33,4,3,3,0
20250401,2025-04,West,power tools,phone,2,99,11849.71,10808.25,1041.46,14885.79,2,2,2,0
20250401,2025-04,West,ppe,branch,5,889,2894.27,2003.51,890.76,3310.84,3,5,3,1
20250401,2025-04,West,ppe,e-shop,9,722,2175.99,1537.9,638.09,2504.22,9,8,8,0
20250401,2025-04,West,ppe,field-sales,4,980,3075.56,2138.44,937.12,3510.29,3,3,2,0
20250401,2025-04,West,ppe,phone,6,453,1394.74,898.78,495.96,1464.02,6,6,6,1
20250501,2025-05,DACH-North,abrasives,branch,5,257,261.06,152.92,108.14,278.04,5,5,5,0
20250501,2025-05,DACH-North,abrasives,e-shop,7,782,721.82,475.45,246.37,846.76,2,7,2,1
20250501,2025-05,DACH-North,abrasives,field-sales,5,299,302.11,183.32,118.79,327.15,3,5,3,0
20250501,2025-05,DACH-North,abrasives,phone,1,225,210.45,152.35,58.1,264.71,1,1,1,0
20250501,2025-05,DACH-North,chemicals,branch,8,525,3352.93,2000.02,1352.91,3690.49,7,6,5,0
20250501,2025-05,DACH-North,chemicals,e-shop,7,604,3665.21,2141.63,1523.58,3999.83,5,7,5,0
20250501,2025-05,DACH-North,chemicals,field-sales,6,619,3446.59,2065.17,1381.42,3869.08,6,5,5,0
20250501,2025-05,DACH-North,chemicals,phone,4,350,2023.18,1178.24,844.94,2273.34,3,4,3,0
20250501,2025-05,DACH-North,fasteners,branch,5,309,264.08,172.78,91.3,292.88,2,5,2,0
20250501,2025-05,DACH-North,fasteners,e-shop,15,860,665.43,441.42,224.01,751.71,11,14,10,0
20250501,2025-05,DACH-North,fasteners,field-sales,16,847,710.58,442.73,267.85,770.71,14,16,14,0
20250501,2025-05,DACH-North,fasteners,phone,1,27,26.86,15.23,11.63,27.47,1,1,1,0
20250501,2025-05,DACH-North,hand tools,branch,4,251,5753.62,4289.4,1464.22,6358.03,3,3,2,0
20250501,2025-05,DACH-North,hand tools,e-shop,3,186,3857.44,2805.98,1051.46,4179.9,2,3,2,0
20250501,2025-05,DACH-North,hand tools,field-sales,3,381,8429.08,5875.86,2553.22,8922.33,2,3,2,0
20250501,2025-05,DACH-North,hand tools,phone,1,195,4611.78,3405.6,1206.18,5300.9,1,1,1,0
20250501,2025-05,DACH-North,power tools,branch,2,193,26288.03,20017.47,6270.56,27854.59,2,2,2,0
20250501,2025-05,DACH-North,power tools,e-shop,4,320,41078.39,32795.87,8282.52,45263.86,4,4,4,0
20250501,2025-05,DACH-North,power tools,field-sales,4,311,38052.31,31724.29,6328.02,44037.59,4,4,4,1
20250501,2025-05,DACH-North,ppe,branch,2,330,964.75,664.72,300.03,1057.19,2,1,1,0
20250501,2025-05,DACH-North,ppe,e-shop,12,1013,3034.72,2182.34,852.38,3510.52,8,11,8,0
20250501,2025-05,DACH-North,ppe,field-sales,12,982,3142.98,2181.36,961.62,3591.86,11,12,11,0
20250501,2025-05,DACH-North,ppe,phone,2,409,1464.12,955.93,508.19,1582.88,2,1,1,0
20250501,2025-05,DACH-South,abrasives,branch,6,755,742.02,476.32,265.7,883.2,5,6,5,1
20250501,2025-05,DACH-South,abrasives,e-shop,14,570,579.26,360.19,219.07,647.02,13,14,13,1
20250501,2025-05,DACH-South,abrasives,field-sales,5,349,358.56,211.31,147.25,377.38,5,5,5,0
20250501,2025-05,DACH-South,abrasives,phone,1,64,63.33,39.41,23.92,67.95,0,1,0,0
20250501,2025-05,DACH-South,chemicals,branch,3,254,1695.43,942.79,752.64,1773.0,3,3,3,0
20250501,2025-05,DACH-South,chemicals,e-shop,10,961,5750.14,3470.96,2279.18,6377.76,9,9,8,0
20250501,2025-05,DACH-South,chemicals,field-sales,11,1236,7531.87,4324.42,3207.45,7980.09,10,11,10,0
20250501,2025-05,DACH-South,chemicals,phone,2,208,1135.17,700.04,435.13,1282.84,2,2,2,1
20250501,2025-05,DACH-South,fasteners,branch,7,774,614.19,401.93,212.26,714.41,6,7,6,0
20250501,2025-05,DACH-South,fasteners,e-shop,23,1812,1440.64,914.87,525.77,1587.82,15,22,14,0
20250501,2025-05,DACH-South,fasteners,field-sales,13,775,655.03,399.57,255.46,685.78,12,13,12,1
20250501,2025-05,DACH-South,fasteners,phone,7,341,289.06,181.81,107.25,309.17,6,7,6,1
20250501,2025-05,DACH-South,hand tools,branch,5,811,16862.02,13377.41,3484.61,20577.8,5,4,4,0
20250501,2025-05,DACH-South,hand tools,e-shop,12,1361,28778.62,21942.64,6835.98,33132.74,8,12,8,0
20250501,2025-05,DACH-South,hand tools,field-sales,8,474,10745.51,7793.21,2952.3,11773.26,8,8,8,1
20250501,2025-05,DACH-South,hand tools,phone,1,74,1882.41,1212.02,670.39,1888.07,0,1,0,0
20250501,2025-05,DACH-South,power tools,branch,6,603,75680.64,63595.98,12084.66,88693.9,5,6,5,0
20250501,2025-05,DACH-South,power tools,e-shop,9,521,69610.66,54740.06,14870.6,75470.33,7,8,6,0
20250501,2025-05,DACH-South,power tools,field-sales,10,1057,141204.63,114832.43,26372.2,155852.71,8,10,8,0
20250501,2025-05,DACH-South,power tools,phone,3,60,7823.32,5844.4,1978.92,8094.61,3,3,3,0
20250501,2025-05,DACH-South,ppe,branch,7,584,1776.83,1276.74,500.09,2054.1,4,5,3,0
20250501,2025-05,DACH-South,ppe,e-shop,6,699,2118.05,1442.85,675.2,2365.35,6,6,6,0
20250501,2025-05,DACH-South,ppe,field-sales,8,425,1379.89,900.56,479.33,1462.74,7,8,7,0
20250501,2025-05,DACH-South,ppe,phone,3,201,719.6,466.38,253.22,737.67,3,3,3,0
20250501,2025-05,East,abrasives,branch,4,187,202.61,118.77,83.84,217.75,3,4,3,0
20250501,2025-05,East,abrasives,e-shop,7,430,415.32,258.19,157.13,457.1,5,7,5,0
20250501,2025-05,East,abrasives,field-sales,5,458,485.74,294.46,191.28,531.76,4,5,4,0
20250501,2025-05,East,abrasives,phone,4,508,522.33,322.67,199.66,581.5,4,4,4,0
20250501,2025-05,East,chemicals,branch,6,435,2323.63,1473.09,850.54,2706.56,6,6,6,0
20250501,2025-05,East,chemicals,e-shop,18,1252,7446.81,4353.13,3093.68,7995.64,16,18,16,1
20250501,2025-05,East,chemicals,field-sales,8,495,2875.32,1645.79,1229.53,3043.32,8,8,8,0
20250501,2025-05,East,chemicals,phone,2,267,1480.85,899.09,581.76,1622.66,2,2,2,0
20250501,2025-05,East,fasteners,branch,11,829,695.71,441.46,254.25,757.19,7,10,7,0
20250501,2025-05,East,fasteners,e-shop,17,1453,1180.26,775.31,404.95,1327.58,17,16,16,0
20250501,2025-05,East,fasteners,field-sales,7,514,433.66,288.03,145.63,495.07,6,7,6,0
20250501,2025-05,East,fasteners,phone,5,158,133.03,82.1,50.93,144.49,5,5,5,0
20250501,2025-05,East,hand tools,branch,3,176,4311.8,3026.96,1284.84,4619.55,3,3,3,0
20250501,2025-05,East,hand tools,e-shop,8,551,12737.84,8935.92,3801.92,13530.69,4,8,4,1
20250501,2025-05,East,hand tools,field-sales,6,300,6390.08,4637.31,1752.77,7163.03,6,6,6,0
20250501,2025-05,East,hand tools,phone,3,157,3972.98,2684.3,1288.68,4209.46,3,3,3,1
20250501,2025-05,East,power tools,branch,1,45,6417.26,5071.67,1345.59,7234.79,1,1,1,0
20250501,2025-05,East,power tools,e-shop,6,1118,137291.58,112278.31,25013.27,155474.8,6,6,6,0
20250501,2025-05,East,power tools,field-sales,5,208,27200.22,22222.18,4978.04,30104.91,4,5,4,1
20250501,2025-05,East,power tools,phone,2,31,3834.24,3352.79,481.45,4452.22,2,2,2,0
20250501,2025-05,East,ppe,branch,2,300,1028.41,689.45,338.96,1099.95,2,2,2,0
20250501,2025-05,East,ppe,e-shop,15,798,2372.65,1652.92,719.73,2666.19,15,14,14,0
20250501,2025-05,East,ppe,field-sales,11,648,1986.6,1354.37,632.23,2167.08,9,10,8,0
20250501,2025-05,East,ppe,phone,3,128,380.55,274.51,106.04,431.8,3,3,3,0
20250501,2025-05,Nordics,abrasives,branch,5,595,645.04,393.72,251.32,710.82,4,5,4,0
20250501,2025-05,Nordics,abrasives,e-shop,10,663,723.84,436.63,287.21,773.09,7,10,7,1
20250501,2025-05,Nordics,abrasives,field-sales,5,523,492.8,309.34,183.46,552.1,5,5,5,0
20250501,2025-05,Nordics,abrasives,phone,2,312,305.15,182.95,122.2,332.94,2,2,2,0
20250501,2025-05,Nordics,chemicals,branch,5,847,4451.23,2932.56,1518.67,5642.06,4,5,4,0
20250501,2025-05,Nordics,chemicals,e-shop,6,316,1868.19,1143.52,724.67,2087.53,6,6,6,0
20250501,2025-05,Nordics,chemicals,field-sales,10,566,3559.38,2117.77,1441.61,3910.73,10,10,10,0
20250501,2025-05,Nordics,fasteners,branch,8,908,761.79,500.23,261.56,842.95,6,8,6,0
20250501,2025-05,Nordics,fasteners,e-shop,22,1521,1274.65,815.43,459.22,1417.91,18,21,17,1
20250501,2025-05,Nordics,fasteners,field-sales,9,594,507.24,321.8,185.44,556.89,8,9,8,0
20250501,2025-05,Nordics,fasteners,phone,1,277,231.6,151.31,80.29,267.75,1,1,1,0
20250501,2025-05,Nordics,hand tools,branch,4,428,9138.31,6818.23,2320.08,10534.62,3,4,3,0
20250501,2025-05,Nordics,hand tools,e-shop,7,340,8137.72,5725.37,2412.35,8578.98,7,7,7,0
20250501,2025-05,Nordics,hand tools,field-sales,3,199,4435.92,3207.27,1228.65,4981.98,3,3,3,0
20250501,2025-05,Nordics,hand tools,phone,2,149,3688.28,2530.97,1157.31,3728.83,2,2,2,0
20250501,2025-05,Nordics,power tools,branch,4,277,37327.0,29996.13,7330.87,41973.98,4,3,3,1
20250501,2025-05,Nordics,power tools,e-shop,2,302,35300.04,29445.25,5854.79,40487.85,2,2,2,0
20250501,2025-05,Nordics,power tools,field-sales,3,350,44304.17,35078.59,9225.58,49062.79,2,3,2,1
20250501,2025-05,Nordics,power tools,phone,2,118,17264.51,12950.02,4314.49,17784.68,2,1,1,0
20250501,2025-05,Nordics,ppe,branch,5,393,1095.27,772.84,322.43,1268.12,5,4,4,0
20250501,2025-05,Nordics,ppe,e-shop,9,1130,3500.64,2447.84,1052.8,4027.38,8,9,8,0
20250501,2025-05,Nordics,ppe,field-sales,9,388,1202.1,806.54,395.56,1312.6,7,9,7,0
20250501,2025-05,Nordics,ppe,phone,3,210,613.68,438.15,175.53,683.78,2,3,2,0
20250501,2025-05,West,abrasives,branch,5,187,204.39,116.72,87.67,212.88,5,5,5,1
20250501,2025-05,West,abrasives,e-shop,5,182,178.94,104.53,74.41,189.2,5,5,5,0
20250501,2025-05,West,abrasives,field-sales,1,92,102.55,64.46,38.09,111.59,1,1,1,0
20250501,2025-05,West,abrasives,phone,5,330,317.44,198.52,118.92,353.41,5,5,5,0
20250501,2025-05,West,chemicals,branch,4,395,2244.85,1463.88,780.97,2629.13,4,4,4,1
20250501,2025-05,West,chemicals,e-shop,13,1101,6207.26,3846.57,2360.69,7218.43,13,12,12,0
20250501,2025-05,West,chemicals,field-sales,6,196,1284.09,716.79,567.3,1344.6,6,3,3,1
20250501,2025-05,West,chemicals,phone,1,48,309.26,178.24,131.02,335.05,1,1,1,0
20250501,2025-05,West,fasteners,branch,3,123,109.9,68.29,41.61,117.41,2,3,2,0
20250501,2025-05,West,fasteners,e-shop,15,1035,835.71,529.02,306.69,916.63,14,15,14,0
20250501,2025-05,West,fasteners,field-sales,10,703,562.78,382.6,180.18,653.84,9,10,9,0
20250501,2025-05,West,hand tools,branch,2,467,9251.69,6988.43,2263.26,10640.47,1,2,1,0
20250501,2025-05,West,hand tools,e-shop,6,494,11694.73,8175.85,3518.88,12193.47,5,6,5,0
20250501,2025-05,West,hand tools,field-sales,5,665,13570.34,10623.15,2947.19,15491.67,5,4,4,0
20250501,2025-05,West,hand tools,phone,1,163,3241.51,2439.91,801.6,3696.14,0,1,0,0
20250501,2025-05,West,power tools,branch,3,505,64995.85,55888.99,9106.86,77867.94,3,2,2,1
20250501,2025-05,West,power tools,e-shop,4,417,54399.6,44984.37,9415.23,64124.87,2,3,2,1
20250501,2025-05,West,power tools,field-sales,2,88,13101.91,9486.3,3615.61,13204.27,1,2,1,0
20250501,2025-05,West,power tools,phone,2,337,49880.34,37132.43,12747.91,53285.48,2,2,2,0
20250501,2025-05,West,ppe,branch,4,123,420.21,282.91,137.3,440.26,4,4,4,0
20250501,2025-05,West,ppe,e-shop,1,47,140.51,95.37,45.14,152.56,1,1,1,0
20250501,2025-05,West,ppe,field-sales,6,270,890.56,590.39,300.17,941.03,5,6,5,1
20250601,2025-06,DACH-North,abrasives,branch,7,375,395.37,247.22,148.15,443.21,6,7,6,1
20250601,2025-06,DACH-North,abrasives,e-shop,9,405,421.78,254.5,167.28,449.55,8,8,7,0
20250601,2025-06,DACH-North,abrasives,field-sales,4,220,247.1,148.32,98.78,257.62,4,4,4,0
20250601,2025-06,DACH-North,abrasives,phone,4,169,187.75,111.25,76.5,197.63,1,4,1,0
20250601,2025-06,DACH-North,chemicals,branch,11,929,5400.05,3231.97,2168.08,6027.16,10,11,10,0
20250601,2025-06,DACH-North,chemicals,e-shop,5,338,1842.76,1101.98,740.78,2062.05,3,5,3,0
20250601,2025-06,DACH-North,chemicals,field-sales,6,269,1722.04,1021.25,700.79,1864.72,6,6,6,0
20250601,2025-06,DACH-North,chemicals,phone,2,199,1174.73,779.81,394.92,1414.58,2,2,2,0
20250601,2025-06,DACH-North,fasteners,branch,7,379,334.06,218.95,115.11,374.26,6,7,6,0
20250601,2025-06,DACH-North,fasteners,e-shop,21,2457,1969.31,1318.61,650.7,2255.93,18,19,17,0
20250601,2025-06,DACH-North,fasteners,field-sales,11,590,488.59,316.12,172.47,541.17,11,10,10,0
20250601,2025-06,DACH-North,fasteners,phone,8,601,493.5,315.08,178.42,539.84,7,8,7,0
20250601,2025-06,DACH-North,hand tools,branch,5,574,12939.56,9536.64,3402.92,14082.64,5,5,5,0
20250601,2025-06,DACH-North,hand tools,e-shop,7,551,11592.5,8653.61,2938.89,13087.97,5,6,4,1
20250601,2025-06,DACH-North,hand tools,field-sales,3,229,4840.44,3470.59,1369.85,5381.8,3,2,2,0
20250601,2025-06,DACH-North,hand tools,phone,1,60,1193.67,1044.82,148.85,1593.68,1,1,1,0
20250601,2025-06,DACH-North,power tools,branch,2,168,20934.37,17085.89,3848.48,24378.2,1,2,1,0
20250601,2025-06,DACH-North,power tools,e-shop,8,440,54053.16,44288.43,9764.73,62007.4,6,8,6,0
20250601,2025-06,DACH-North,power tools,field-sales,4,172,20727.66,16779.3,3948.36,22976.49,4,4,4,0
20250601,2025-06,DACH-North,power tools,phone,2,90,13389.39,9614.02,3775.37,13736.97,1,2,1,0
20250601,2025-06,DACH-North,ppe,branch,7,611,1972.15,1332.09,640.06,2153.8,6,7,6,0
20250601,2025-06,DACH-North,ppe,e-shop,11,1505,4641.52,3233.57,1407.95,5329.96,10,11,10,0
20250601,2025-06,DACH-North,ppe,field-sales,6,530,1609.38,1130.77,478.61,1865.86,5,6,5,1
20250601,2025-06,DACH-North,ppe,phone,1,88,327.18,201.5,125.68,330.15,1,1,1,0
20250601,2025-06,DACH-South,abrasives,branch,7,374,369.63,229.16,140.47,415.65,7,7,7,0
20250601,2025-06,DACH-South,abrasives,e-shop,8,484,505.62,303.22,202.4,537.59,6,8,6,0
20250601,2025-06,DACH-South,abrasives,field-sales,8,470,488.79,301.82,186.97,544.15,8,8,8,0
20250601,2025-06,DACH-South,chemicals,branch,3,124,680.81,414.3,266.51,757.14,3,3,3,0
20250601,2025-06,DACH-South,chemicals,e-shop,9,691,4115.52,2588.52,1527.0,4802.61,9,9,9,0
20250601,2025-06,DACH-South,chemicals,field-sales,8,594,3596.51,2163.11,1433.4,3957.49,8,8,8,1
20250601,2025-06,DACH-South,chemicals,phone,2,149,956.65,516.37,440.28,989.45,1,2,1,0
20250601,2025-06,DACH-South,fasteners,branch,10,1295,1006.07,671.99,334.08,1163.21,10,10,10,0
20250601,2025-06,DACH-South,fasteners,e-shop,19,1176,971.79,656.42,315.37,1114.87,19,17,17,0
20250601,2025-06,DACH-South,fasteners,field-sales,15,1271,1044.73,666.2,378.53,1147.3,14,15,14,0
20250601,2025-06,DACH-South,fasteners,phone,5,161,141.69,87.35,54.34,151.97,3,5,3,0
20250601,2025-06,DACH-South,hand tools,branch,5,245,5961.41,4303.24,1658.17,6485.62,4,5,4,0
20250601,2025-06,DACH-South,hand tools,e-shop,7,165,4127.12,2887.52,1239.6,4315.07,5,7,5,1
20250601,2025-06,DACH-South,hand tools,field-sales,7,881,18531.13,13619.48,4911.65,20627.28,7,7,7,0
20250601,2025-06,DACH-South,hand tools,phone,2,67,1521.75,1093.53,428.22,1656.05,1,2,1,0
20250601,2025-06,DACH-South,power tools,branch,8,999,131010.99,109951.44,21059.55,150846.47,6,7,5,0
20250601,2025-06,DACH-South,power tools,e-shop,9,639,80146.82,61955.61,18191.21,87483.64,8,8,7,0
20250601,2025-06,DACH-South,power tools,field-sales,9,777,98155.65,76772.34,21383.31,108306.53,7,9,7,1
20250601,2025-06,DACH-South,power tools,phone,2,339,41265.58,33097.07,8168.51,46462.62,2,2,2,0
20250601,2025-06,DACH-South,ppe,branch,4,178,548.26,390.84,157.42,612.36,4,4,4,0
20250601,2025-06,DACH-South,ppe,e-shop,8,256,794.47,542.17,252.3,870.09,8,8,8,0
20250601,2025-06,DACH-South,ppe,field-sales,8,919,2862.95,1999.59,863.36,3214.19,7,8,7,0
20250601,2025-06,DACH-South,ppe,phone,6,265,853.88,561.8,292.08,912.93,5,6,5,0
20250601,2025-06,East,abrasives,branch,7,427,425.02,267.92,157.1,481.68,7,7,7,1
20250601,2025-06,East,abrasives,e-shop,9,491,481.32,303.73,177.59,539.57,8,9,8,0
20250601,2025-06,East,abrasives,field-sales,5,382,420.45,256.13,164.32,460.32,5,5,5,0
20250601,2025-06,East,abrasives,phone,4,232,234.73,138.36,96.37,249.1,3,4,3,0
20250601,2025-06,East,chemicals,branch,5,494,2820.29,1801.45,1018.84,3251.02,5,4,4,0
20250601,2025-06,East,chemicals,e-shop,12,1303,6821.35,4163.39,2657.96,7898.13,11,11,10,1
20250601,2025-06,East,chemicals,field-sales,14,1025,6380.06,3697.51,2682.55,6971.58,13,14,13,0
20250601,2025-06,East,chemicals,phone,2,59,391.98,207.38,184.6,396.51,2,2,2,0
20250601,2025-06,East,fasteners,branch,8,219,183.72,119.72,64.0,203.67,8,7,7,0
20250601,2025-06,East,fasteners,e-shop,17,1763,1533.35,979.88,553.47,1682.62,15,17,15,1
20250601,2025-06,East,fasteners,field-sales,14,916,759.21,489.2,270.01,847.79,12,14,12,0
20250601,2025-06,East,fasteners,phone,7,334,279.39,172.34,107.05,300.83,7,7,7,0
20250601,2025-06,East,hand tools,branch,6,413,9110.41,6583.72,2526.69,9868.72,5,6,5,1
20250601,2025-06,East,hand tools,e-shop,4,217,5211.64,3603.63,1608.01,5385.77,3,3,2,0
20250601,2025-06,East,hand tools,field-sales,12,650,14973.71,10805.22,4168.49,16210.63,11,12,11,0
20250601,2025-06,East,power tools,branch,4,437,50346.8,42726.79,7620.01,59028.95,4,4,4,0
20250601,2025-06,East,power tools,e-shop,3,104,13366.47,10499.06,2867.41,14030.23,2,3,2,0
20250601,2025-06,East,power tools,field-sales,8,628,79872.91,64817.38,15055.53,90264.28,7,8,7,1
20250601,2025-06,East,power tools,phone,2,123,15751.87,12840.4,2911.47,18314.41,2,2,2,0
20250601,2025-06,East,ppe,branch,1,50,142.77,99.98,42.79,154.01,1,0,0,0
20250601,2025-06,East,ppe,e-shop,14,750,2398.59,1663.35,735.24,2663.63,14,13,13,0
20250601,2025-06,East,ppe,field-sales,8,464,1483.31,999.29,484.02,1606.49,7,7,6,0
20250601,2025-06,East,ppe,phone,2,382,1097.04,830.09,266.95,1296.33,2,2,2,0
20250601,2025-06,Nordics,abrasives,branch,2,375,349.61,221.17,128.44,385.21,2,2,2,0
20250601,2025-06,Nordics,abrasives,e-shop,10,476,504.36,295.82,208.54,528.34,10,10,10,0
20250601,2025-06,Nordics,abrasives,field-sales,6,586,638.1,387.66,250.44,706.96,5,5,4,0
20250601,2025-06,Nordics,abrasives,phone,1,59,54.44,37.95,16.49,65.28,1,1,1,0
20250601,2025-06,Nordics,chemicals,branch,4,810,4608.95,2858.15,1750.8,5231.13,4,4,4,0
20250601,2025-06,Nordics,chemicals,e-shop,10,719,4475.24,2662.95,1812.29,4876.26,6,10,6,1
20250601,2025-06,Nordics,chemicals,field-sales,9,769,4481.4,2701.54,1779.86,5050.91,8,9,8,0
20250601,2025-06,Nordics,chemicals,phone,2,55,300.63,194.65,105.98,347.43,2,2,2,0
20250601,2025-06,Nordics,fasteners,branch,7,405,356.5,220.39,136.11,373.34,5,6,5,0
20250601,2025-06,Nordics,fasteners,e-shop,11,936,759.33,489.08,270.25,836.52,11,11,11,1
20250601,2025-06,Nordics,fasteners,field-sales,7,406,334.77,229.98,104.79,387.98,6,7,6,0
20250601,2025-06,Nordics,fasteners,phone,5,246,203.77,129.42,74.35,224.33,5,4,4,0
20250601,2025-06,Nordics,hand tools,branch,3,361,7606.74,5771.84,1834.9,8517.73,3,2,2,1
20250601,2025-06,Nordics,hand tools,e-shop,11,508,11566.14,8257.64,3308.5,12643.13,10,8,7,0
20250601,2025-06,Nordics,hand tools,field-sales,5,574,11810.23,9010.96,2799.27,13372.81,5,5,5,0
20250601,2025-06,Nordics,hand tools,phone,2,62,1508.69,1077.73,430.96,1621.19,2,2,2,0
20250601,2025-06,Nordics,power tools,branch,5,291,41525.49,30686.68,10838.81,42739.22,5,5,5,0
20250601,2025-06,Nordics,power tools,e-shop,2,302,34763.98,27810.73,6953.25,40150.02,2,2,2,0
20250601,2025-06,Nordics,power tools,field-sales,4,208,25691.0,20971.3,4719.7,29703.39,4,4,4,0
20250601,2025-06,Nordics,power tools,phone,1,49,6781.37,5151.91,1629.46,6983.9,1,1,1,0
20250601,2025-06,Nordics,ppe,branch,8,689,1996.98,1416.78,580.2,2303.19,8,8,8,0
20250601,2025-06,Nordics,ppe,e-shop,11,984,3012.87,2123.13,889.74,3491.65,11,11,11,0
20250601,2025-06,Nordics,ppe,field-sales,10,946,2960.97,2036.69,924.28,3352.03,10,10,10,0
20250601,2025-06,West,abrasives,branch,9,234,246.83,150.99,95.84,267.97,8,9,8,0
20250601,2025-06,West,abrasives,e-shop,5,425,468.87,287.22,181.65,500.69,4,3,3,0
20250601,2025-06,West,abrasives,field-sales,6,495,509.0,326.32,182.68,592.18,6,6,6,1
20250601,2025-06,West,abrasives,phone,2,73,69.94,44.08,25.86,79.95,2,1,1,0
20250601,2025-06,West,chemicals,branch,3,97,557.21,323.39,233.82,619.76,3,3,3,0
20250601,2025-06,West,chemicals,e-shop,10,700,4359.06,2573.46,1785.6,4760.47,10,10,10,1
20250601,2025-06,West,chemicals,field-sales,2,513,3007.45,1895.55,1111.9,3453.54,2,2,2,1
20250601,2025-06,West,chemicals,phone,2,20,132.76,78.07,54.69,140.26,2,2,2,0
20250601,2025-06,West,fasteners,branch,9,861,707.18,467.82,239.36,804.35,8,9,8,0
20250601,2025-06,West,fasteners,e-shop,8,288,264.8,159.96,104.84,277.43,7,7,6,0
20250601,2025-06,West,fasteners,field-sales,8,637,484.21,316.78,167.43,546.0,7,8,7,1
20250601,2025-06,West,fasteners,phone,4,163,139.79,92.84,46.95,157.55,4,4,4,0
20250601,2025-06,West,hand tools,branch,3,365,8197.88,5917.85,2280.03,8902.96,3,3,3,0
20250601,2025-06,West,hand tools,e-shop,8,902,18894.83,14325.68,4569.15,21553.97,6,8,6,0
20250601,2025-06,West,hand tools,field-sales,2,265,5154.34,3970.34,1184.0,5954.24,2,2,2,0
20250601,2025-06,West,hand tools,phone,2,121,2836.72,1942.73,893.99,3043.18,2,2,2,0
20250601,2025-06,West,power tools,branch,1,34,4542.68,3851.35,691.33,5173.89,1,1,1,0
20250601,2025-06,West,power tools,e-shop,9,543,67735.08,54310.44,13424.64,76534.21,8,9,8,2
20250601,2025-06,West,power tools,field-sales,3,300,40650.09,33898.28,6751.81,45877.43,3,3,3,0
20250601,2025-06,West,power tools,phone,3,142,18590.58,14921.31,3669.27,20548.34,2,3,2,0
20250601,2025-06,West,ppe,branch,3,137,468.02,297.15,170.87,474.97,3,3,3,0
20250601,2025-06,West,ppe,e-shop,10,616,2013.2,1362.2,651.0,2238.55,9,10,9,1
20250601,2025-06,West,ppe,field-sales,8,1497,4417.56,3217.3,1200.26,5164.38,8,8,8,0
20250601,2025-06,West,ppe,phone,1,53,177.8,123.2,54.6,192.42,1,1,1,0
20250701,2025-07,DACH-North,abrasives,branch,7,766,728.89,460.89,268.0,818.9,6,7,6,1
20250701,2025-07,DACH-North,abrasives,e-shop,9,431,442.73,266.31,176.42,474.85,8,8,7,2
20250701,2025-07,DACH-North,abrasives,field-sales,2,239,216.53,139.58,76.95,261.54,2,2,2,0
20250701,2025-07,DACH-North,abrasives,phone,1,79,79.51,49.69,29.82,86.05,1,1,1,0
20250701,2025-07,DACH-North,chemicals,branch,7,453,2547.15,1482.65,1064.5,2800.1,5,7,5,0
20250701,2025-07,DACH-North,chemicals,e-shop,18,1321,7969.33,4797.44,3171.89,8880.45,16,18,16,0
20250701,2025-07,DACH-North,chemicals,field-sales,8,382,2244.28,1280.05,964.23,2389.04,7,8,7,0
20250701,2025-07,DACH-North,chemicals,phone,2,106,683.74,413.69,270.05,748.24,2,2,2,0
20250701,2025-07,DACH-North,fasteners,branch,10,960,806.07,540.04,266.03,932.52,9,10,9,2
20250701,2025-07,DACH-North,fasteners,e-shop,19,1730,1468.67,945.41,523.26,1628.89,18,19,18,0
20250701,2025-07,DACH-North,fasteners,field-sales,13,1172,949.33,638.01,311.32,1079.04,12,13,12,1
20250701,2025-07,DACH-North,fasteners,phone,1,113,103.54,58.92,44.62,103.85,0,1,0,0
20250701,2025-07,DACH-North,hand tools,e-shop,6,170,3930.43,2662.79,1267.64,4062.38,5,5,5,0
20250701,2025-07,DACH-North,hand tools,field-sales,4,205,4703.1,3476.89,1226.21,5188.29,3,4,3,0
20250701,2025-07,DACH-North,hand tools,phone,1,12,296.1,207.14,88.96,324.68,1,0,0,0
20250701,2025-07,DACH-North,power tools,branch,2,247,32340.74,26009.76,6330.98,37046.65,2,2,2,0
20250701,2025-07,DACH-North,power tools,e-shop,7,518,67985.41,56451.58,11533.83,77127.98,6,7,6,1
20250701,2025-07,DACH-North,power tools,field-sales,5,270,33768.58,27274.45,6494.13,38368.84,4,4,4,0
20250701,2025-07,DACH-North,ppe,branch,2,109,340.0,235.28,104.72,378.19,2,1,1,1
20250701,2025-07,DACH-North,ppe,e-shop,7,691,2193.75,1521.34,672.41,2514.33,7,7,7,0
20250701,2025-07,DACH-North,ppe,field-sales,9,1167,3586.81,2577.47,1009.34,4139.55,8,9,8,0
20250701,2025-07,DACH-North,ppe,phone,1,64,217.61,135.13,82.48,227.15,1,1,1,0
20250701,2025-07,DACH-South,abrasives,branch,8,318,328.95,205.19,123.76,363.91,7,8,7,0
20250701,2025-07,DACH-South,abrasives,e-shop,11,929,994.5,602.43,392.07,1092.05,11,11,11,0
20250701,2025-07,DACH-South,abrasives,field-sales,5,481,483.6,302.66,180.94,539.71,5,5,5,0
20250701,2025-07,DACH-South,abrasives,phone,2,93,92.53,55.85,36.68,101.11,2,2,2,0
20250701,2025-07,DACH-South,chemicals,branch,4,624,4022.42,2423.94,1598.48,4347.84,4,4,4,0
20250701,2025-07,DACH-South,chemicals,e-shop,10,740,4299.76,2633.17,1666.59,4894.03,8,10,8,1
20250701,2025-07,DACH-South,chemicals,field-sales,7,373,2301.54,1374.59,926.95,2513.36,7,7,7,1
20250701,2025-07,DACH-South,chemicals,phone,4,171,1015.28,597.75,417.53,1092.61,4,4,4,0
20250701,2025-07,DACH-South,fasteners,branch,4,298,215.76,147.64,68.12,252.72,4,4,4,0
20250701,2025-07,DACH-South,fasteners,e-shop,11,835,710.33,433.97,276.36,752.82,10,11,10,1
20250701,2025-07,DACH-South,fasteners,field-sales,14,748,612.46,396.35,216.11,684.29,14,14,14,0
20250701,2025-07,DACH-South,fasteners,phone,1,23,22.09,13.5,8.59,22.63,1,1,1,0
20250701,2025-07,DACH-South,hand tools,branch,2,73,1737.39,1177.57,559.82,1764.92,2,2,2,0
20250701,2025-07,DACH-South,hand tools,e-shop,9,551,12940.69,9448.47,3492.22,14375.82,9,9,9,0
20250701,2025-07,DACH-South,hand tools,field-sales,3,104,2389.26,1634.54,754.72,2544.87,3,3,3,0
20250701,2025-07,DACH-South,hand tools,phone,1,21,477.93,342.29,135.64,507.35,1,1,1,0
20250701,2025-07,DACH-South,power tools,e-shop,3,157,22863.95,16954.92,5909.03,23176.1,3,3,3,0
20250701,2025-07,DACH-South,power tools,field-sales,2,164,22249.22,17546.02,4703.2,24732.87,2,1,1,0
20250701,2025-07,DACH-South,power tools,phone,3,62,8205.07,6350.32,1854.75,8910.52,2,3,2,0
20250701,2025-07,DACH-South,ppe,branch,7,504,1645.01,1152.22,492.79,1854.11,7,5,5,1
20250701,2025-07,DACH-South,ppe,e-shop,7,373,1221.46,794.6,426.86,1299.06,7,7,7,1
20250701,2025-07,DACH-South,ppe,field-sales,5,701,2038.68,1419.39,619.29,2260.97,5,5,5,0
20250701,2025-07,DACH-South,ppe,phone,7,280,895.24,584.01,311.23,960.5,7,7,7,0
20250701,2025-07,East,abrasives,branch,4,132,142.88,83.21,59.67,151.63,4,3,3,0
20250701,2025-07,East,abrasives,e-shop,9,492,508.85,313.64,195.21,556.07,8,9,8,0
20250701,2025-07,East,abrasives,field-sales,10,914,917.2,575.26,341.94,1040.3,10,10,10,0
20250701,2025-07,East,abrasives,phone,1,16,15.12,8.97,6.15,16.18,1,1,1,0
20250701,2025-07,East,chemicals,branch,6,587,3218.69,2015.17,1203.52,3778.16,5,6,5,1
20250701,2025-07,East,chemicals,e-shop,10,1019,6190.28,3805.11,2385.17,7071.44,10,9,9,0
20250701,2025-07,East,chemicals,field-sales,3,75,460.69,264.75,195.94,479.62,3,3,3,0
20250701,2025-07,East,chemicals,phone,4,288,1776.15,1151.14,625.01,2087.91,4,4,4,0
20250701,2025-07,East,fasteners,branch,14,1152,906.82,605.57,301.25,1033.03,12,14,12,0
20250701,2025-07,East,fasteners,e-shop,17,1141,949.42,617.4,332.02,1059.26,15,16,15,2
20250701,2025-07,East,fasteners,field-sales,18,1378,1154.39,756.24,398.15,1284.4,15,17,15,2
20250701,2025-07,East,fasteners,phone,3,182,166.03,103.33,62.7,174.59,3,3,3,0
20250701,2025-07,East,hand tools,branch,4,611,13771.2,9725.59,4045.61,14546.76,4,4,4,0
20250701,2025-07,East,hand tools,e-shop,12,903,19422.9,14286.89,5136.01,21889.31,12,12,12,0
20250701,2025-07,East,hand tools,field-sales,4,129,2831.14,1986.89,844.25,2979.35,4,4,4,0
20250701,2025-07,East,power tools,branch,3,155,19266.76,15949.49,3317.27,21719.39,3,3,3,0
20250701,2025-07,East,power tools,e-shop,7,669,87761.21,72436.49,15324.72,98264.08,5,6,5,2
20250701,2025-07,East,power tools,field-sales,3,189,25093.13,19259.81,5833.32,27165.51,3,3,3,0
20250701,2025-07,East,power tools,phone,2,124,16689.2,12654.63,4034.57,17249.47,2,2,2,0
20250701,2025-07,East,ppe,branch,5,251,813.45,524.76,288.69,859.76,4,5,4,0
20250701,2025-07,East,ppe,e-shop,7,257,844.22,544.55,299.67,872.43,5,7,5,0
20250701,2025-07,East,ppe,field-sales,10,620,1981.91,1388.41,593.5,2195.97,10,10,10,1
20250701,2025-07,East,ppe,phone,3,74,227.85,158.23,69.62,247.24,2,3,2,0
20250701,2025-07,Nordics,abrasives,branch,7,732,690.89,474.12,216.77,829.96,6,6,6,0
20250701,2025-07,Nordics,abrasives,e-shop,12,1026,988.69,650.43,338.26,1161.48,10,11,9,1
20250701,2025-07,Nordics,abrasives,field-sales,8,690,728.89,451.0,277.89,812.47,7,7,6,0
20250701,2025-07,Nordics,abrasives,phone,2,41,46.74,26.02,20.72,47.02,2,2,2,0
20250701,2025-07,Nordics,chemicals,branch,5,471,2723.63,1774.47,949.16,3320.51,5,5,5,0
20250701,2025-07,Nordics,chemicals,e-shop,12,731,4478.76,2673.23,1805.53,4956.98,11,11,10,0
20250701,2025-07,Nordics,chemicals,field-sales,1,236,1408.92,926.97,481.95,1663.42,1,1,1,0
20250701,2025-07,Nordics,fasteners,branch,8,639,524.94,333.87,191.07,587.85,7,8,7,0
20250701,2025-07,Nordics,fasteners,e-shop,12,803,640.97,406.43,234.54,712.47,11,12,11,0
20250701,2025-07,Nordics,fasteners,field-sales,5,290,249.27,162.94,86.33,284.85,5,5,5,0
20250701,2025-07,Nordics,fasteners,phone,2,65,59.18,38.12,21.06,64.67,2,2,2,0
20250701,2025-07,Nordics,hand tools,branch,2,176,4168.59,2916.91,1251.68,4502.93,2,2,2,0
20250701,2025-07,Nordics,hand tools,e-shop,2,206,4658.18,3150.51,1507.67,4856.43,2,2,2,0
20250701,2025-07,Nordics,hand tools,field-sales,8,688,15455.43,11175.47,4279.96,16905.35,7,8,7,1
20250701,2025-07,Nordics,power tools,branch,1,228,24800.14,21365.48,3434.66,30133.83,0,1,0,0
20250701,2025-07,Nordics,power tools,e-shop,3,113,15604.43,12012.93,3591.5,16864.22,3,3,3,0
20250701,2025-07,Nordics,power tools,field-sales,6,586,76186.7,62511.22,13675.48,87373.23,6,6,6,1
20250701,2025-07,Nordics,power tools,phone,3,571,69809.5,59036.48,10773.02,80699.94,3,2,2,0
20250701,2025-07,Nordics,ppe,branch,4,317,1040.18,727.29,312.89,1185.03,4,3,3,0
20250701,2025-07,Nordics,ppe,e-shop,12,1048,3286.33,2223.46,1062.87,3618.25,12,12,12,0
20250701,2025-07,Nordics,ppe,field-sales,11,828,2487.91,1782.3,705.61,2808.37,8,11,8,0
20250701,2025-07,Nordics,ppe,phone,4,281,934.86,629.58,305.28,1024.79,3,4,3,0
20250701,2025-07,West,abrasives,branch,2,341,327.86,211.61,116.25,382.2,2,2,2,0
20250701,2025-07,West,abrasives,e-shop,10,1052,951.33,650.48,300.85,1151.85,9,9,8,0
20250701,2025-07,West,abrasives,field-sales,8,304,305.42,188.93,116.49,333.12,6,8,6,1
20250701,2025-07,West,chemicals,branch,2,112,736.33,397.65,338.68,743.87,2,2,2,0
20250701,2025-07,West,chemicals,e-shop,9,531,3234.24,1926.38,1307.86,3537.77,8,8,7,0
20250701,2025-07,West,chemicals,field-sales,4,153,958.13,539.93,418.2,1021.58,4,4,4,0
20250701,2025-07,West,chemicals,phone,1,21,119.62,66.35,53.27,124.48,1,1,1,0
20250701,2025-07,West,fasteners,branch,6,1104,832.01,578.71,253.3,990.97,6,6,6,0
20250701,2025-07,West,fasteners,e-shop,11,517,426.93,279.96,146.97,478.56,10,11,10,0
20250701,2025-07,West,fasteners,field-sales,12,940,755.36,489.88,265.48,837.78,12,12,12,1
20250701,2025-07,West,fasteners,phone,3,531,380.21,261.19,119.02,446.06,3,3,3,0
20250701,2025-07,West,hand tools,branch,2,37,759.96,545.3,214.66,849.82,2,2,2,0
20250701,2025-07,West,hand tools,e-shop,3,297,6716.44,5182.58,1533.86,7600.61,2,3,2,1
20250701,2025-07,West,hand tools,field-sales,4,495,11025.19,7981.49,3043.7,11970.31,4,4,4,0
20250701,2025-07,West,hand tools,phone,4,137,2890.41,2103.82,786.59,3239.84,4,4,4,0
20250701,2025-07,West,power tools,branch,3,226,28259.04,22057.75,6201.29,31207.26,3,2,2,1
20250701,2025-07,West,power tools,e-shop,5,243,32798.51,25922.73,6875.78,35699.43,3,5,3,0
20250701,2025-07,West,power tools,field-sales,5,801,97856.63,80569.35,17287.28,113919.14,4,5,4,1
20250701,2025-07,West,ppe,branch,8,520,1624.6,1153.45,471.15,1883.36,7,6,5,0
20250701,2025-07,West,ppe,e-shop,8,682,2077.04,1396.64,680.4,2265.9,7,8,7,0
20250701,2025-07,West,ppe,field-sales,5,369,1107.37,732.56,374.81,1186.7,5,5,5,1
20250701,2025-07,West,ppe,phone,1,51,172.64,106.86,65.78,180.96,0,0,0,0
20250801,2025-08,DACH-North,abrasives,branch,2,301,282.61,176.0,106.61,300.85,2,2,2,0
20250801,2025-08,DACH-North,abrasives,e-shop,10,959,946.96,594.39,352.57,1076.91,8,9,7,1
20250801,2025-08,DACH-North,abrasives,field-sales,5,299,280.72,172.27,108.45,308.97,4,5,4,0
20250801,2025-08,DACH-North,abrasives,phone,4,140,152.57,89.93,62.64,157.05,3,4,3,1
20250801,2025-08,DACH-North,chemicals,branch,6,425,2458.04,1534.09,923.95,2895.22,6,4,4,0
20250801,2025-08,DACH-North,chemicals,e-shop,12,812,4814.72,2899.35,1915.37,5292.82,11,12,11,1
20250801,2025-08,DACH-North,chemicals,field-sales,6,230,1415.13,840.47,574.66,1534.86,5,6,5,0
20250801,2025-08,DACH-North,fasteners,branch,7,649,509.34,339.49,169.85,587.54,6,7,6,1
20250801,2025-08,DACH-North,fasteners,e-shop,10,514,434.98,278.07,156.91,474.66,8,10,8,0
20250801,2025-08,DACH-North,fasteners,field-sales,7,446,386.46,245.61,140.85,422.13,6,7,6,0
20250801,2025-08,DACH-North,fasteners,phone,5,603,503.93,321.44,182.49,562.79,5,5,5,0
20250801,2025-08,DACH-North,hand tools,branch,2,175,4195.16,2862.98,1332.18,4403.44,2,2,2,0
20250801,2025-08,DACH-North,hand tools,e-shop,5,872,18889.44,14634.83,4254.61,21787.42,5,5,5,0
20250801,2025-08,DACH-North,hand tools,field-sales,4,610,13780.07,10080.55,3699.52,15627.5,4,4,4,0
20250801,2025-08,DACH-North,hand tools,phone,1,25,490.82,362.29,128.53,551.49,0,1,0,0
20250801,2025-08,DACH-North,power tools,branch,3,240,30610.08,22774.6,7835.48,32162.04,2,3,2,0
20250801,2025-08,DACH-North,power tools,e-shop,7,831,101944.46,81620.09,20324.37,113005.13,5,7,5,1
20250801,2025-08,DACH-North,power tools,field-sales,4,142,18891.68,14897.69,3993.99,20231.82,4,4,4,0
20250801,2025-08,DACH-North,ppe,branch,6,604,1850.05,1285.57,564.48,2063.28,6,6,6,1
20250801,2025-08,DACH-North,ppe,e-shop,10,786,2281.34,1663.24,618.1,2644.36,9,9,8,1
20250801,2025-08,DACH-North,ppe,field-sales,3,245,700.61,476.43,224.18,769.99,3,3,3,0
20250801,2025-08,DACH-North,ppe,phone,2,85,305.24,197.93,107.31,315.09,2,2,2,0
20250801,2025-08,DACH-South,abrasives,branch,4,175,194.64,118.99,75.65,206.21,4,3,3,0
20250801,2025-08,DACH-South,abrasives,e-shop,15,1127,1125.06,709.62,415.44,1253.37,14,15,14,0
20250801,2025-08,DACH-South,abrasives,field-sales,12,615,649.59,373.38,276.21,678.72,8,12,8,0
20250801,2025-08,DACH-South,abrasives,phone,1,64,64.1,35.52,28.58,66.64,0,1,0,0
20250801,2025-08,DACH-South,chemicals,branch,3,284,1566.93,970.23,596.7,1746.04,3,3,3,0
20250801,2025-08,DACH-South,chemicals,e-shop,10,963,5208.89,3374.07,1834.82,6201.93,8,9,7,0
20250801,2025-08,DACH-South,chemicals,field-sales,5,186,1093.11,649.69,443.42,1195.94,5,5,5,0
20250801,2025-08,DACH-South,chemicals,phone,4,451,2670.91,1775.27,895.64,3194.43,4,4,4,1
20250801,2025-08,DACH-South,fasteners,branch,8,1067,861.29,587.21,274.08,998.68,8,8,8,0
20250801,2025-08,DACH-South,fasteners,e-shop,15,817,701.0,426.41,274.59,748.48,13,12,10,0
20250801,2025-08,DACH-South,fasteners,field-sales,11,746,588.59,384.59,204.0,669.66,10,11,10,1
20250801,2025-08,DACH-South,fasteners,phone,4,184,159.41,94.9,64.51,162.83,4,4,4,0
20250801,2025-08,DACH-South,hand tools,branch,1,61,1298.02,930.01,368.01,1442.24,1,1,1,0
20250801,2025-08,DACH-South,hand tools,e-shop,9,673,14820.69,10520.12,4300.57,16316.24,8,8,7,0
20250801,2025-08,DACH-South,hand tools,field-sales,4,152,3579.0,2463.41,1115.59,3790.2,4,4,4,0
20250801,2025-08,DACH-South,hand tools,phone,1,24,529.49,381.63,147.86,601.01,1,1,1,0
20250801,2025-08,DACH-South,power tools,e-shop,10,912,114472.67,93445.84,21026.83,129976.37,10,9,9,0
20250801,2025-08,DACH-South,power tools,field-sales,6,272,37047.59,29286.89,7760.7,40419.57,6,6,6,0
20250801,2025-08,DACH-South,power tools,phone,2,92,13053.62,9434.47,3619.15,13377.73,2,2,2,0
20250801,2025-08,DACH-South,ppe,branch,10,494,1548.39,1033.71,514.68,1694.41,9,9,8,0
20250801,2025-08,DACH-South,ppe,e-shop,5,187,588.54,379.65,208.89,630.16,5,3,3,0
20250801,2025-08,DACH-South,ppe,field-sales,10,954,3008.09,2013.57,994.52,3267.69,9,10,9,0
20250801,2025-08,DACH-South,ppe,phone,1,254,826.18,537.16,289.02,871.5,1,1,1,0
20250801,2025-08,East,abrasives,branch,5,447,449.27,287.29,161.98,508.15,4,5,4,0
20250801,2025-08,East,abrasives,e-shop,3,53,61.92,36.64,25.28,66.57,3,3,3,0
20250801,2025-08,East,abrasives,field-sales,9,715,716.66,447.43,269.23,796.65,9,9,9,0
20250801,2025-08,East,abrasives,phone,4,152,149.28,89.42,59.86,158.08,3,4,3,0
20250801,2025-08,East,chemicals,branch,4,196,1248.88,725.46,523.42,1344.91,3,4,3,0
20250801,2025-08,East,chemicals,e-shop,5,234,1467.79,838.28,629.51,1515.78,3,5,3,0
20250801,2025-08,East,chemicals,field-sales,11,503,3109.41,1786.87,1322.54,3336.65,10,10,9,0
20250801,2025-08,East,chemicals,phone,1,309,1562.18,984.21,577.97,1870.87,1,1,1,0
20250801,2025-08,East,fasteners,branch,2,108,102.55,63.94,38.61,110.93,2,2,2,0
20250801,2025-08,East,fasteners,e-shop,12,974,851.01,524.85,326.16,922.83,12,12,12,0
20250801,2025-08,East,fasteners,field-sales,17,1307,1043.85,683.75,360.1,1181.15,13,17,13,0
20250801,2025-08,East,fasteners,phone,3,299,238.46,163.78,74.68,284.72,3,3,3,0
20250801,2025-08,East,hand tools,branch,2,86,1728.73,1273.26,455.47,1973.28,2,2,2,0
20250801,2025-08,East,hand tools,e-shop,5,343,7580.17,5591.26,1988.91,8442.17,5,5,5,0
20250801,2025-08,East,hand tools,field-sales,6,175,4369.51,3023.85,1345.66,4520.94,5,6,5,0
20250801,2025-08,East,power tools,branch,4,249,34588.39,26174.87,8413.52,36769.56,4,3,3,0
20250801,2025-08,East,power tools,e-shop,2,68,9234.21,6834.54,2399.67,9740.68,2,1,1,0
20250801,2025-08,East,power tools,field-sales,5,124,17013.86,12359.29,4654.57,17688.65,4,5,4,0
20250801,2025-08,East,power tools,phone,2,159,23401.1,17720.87,5680.23,24584.29,1,2,1,0
20250801,2025-08,East,ppe,branch,7,716,2133.73,1524.1,609.63,2457.67,6,7,6,1
20250801,2025-08,East,ppe,e-shop,6,451,1358.97,944.57,414.4,1507.99,5,6,5,0
20250801,2025-08,East,ppe,field-sales,4,131,430.33,286.67,143.66,457.52,4,4,4,0
20250801,2025-08,East,ppe,phone,1,93,335.17,218.39,116.78,348.05,1,1,1,0
20250801,2025-08,Nordics,abrasives,branch,4,708,695.38,447.98,247.4,809.76,4,4,4,0
20250801,2025-08,Nordics,abrasives,e-shop,5,832,824.5,517.9,306.6,935.99,3,5,3,0
20250801,2025-08,Nordics,abrasives,field-sales,4,346,332.76,224.89,107.87,396.72,3,4,3,0
20250801,2025-08,Nordics,chemicals,branch,3,119,710.13,412.65,297.48,762.6,3,3,3,0
20250801,2025-08,Nordics,chemicals,e-shop,8,575,3419.26,2033.6,1385.66,3788.5,7,7,7,0
20250801,2025-08,Nordics,chemicals,field-sales,8,1081,5994.69,3732.95,2261.74,6783.61,8,8,8,0
20250801,2025-08,Nordics,chemicals,phone,6,582,3502.22,2208.88,1293.34,4002.74,6,5,5,0
20250801,2025-08,Nordics,fasteners,branch,10,730,602.69,399.84,202.85,679.08,9,9,9,1
20250801,2025-08,Nordics,fasteners,e-shop,13,1050,905.41,578.04,327.37,993.32,13,12,12,1
20250801,2025-08,Nordics,fasteners,field-sales,8,541,430.36,279.88,150.48,471.15,8,7,7,0
20250801,2025-08,Nordics,fasteners,phone,1,43,43.09,25.31,17.78,43.57,1,1,1,0
20250801,2025-08,Nordics,hand tools,branch,1,6,124.91,96.74,28.17,142.59,1,1,1,0
20250801,2025-08,Nordics,hand tools,e-shop,5,233,5725.23,3848.63,1876.6,6076.51,4,5,4,0
20250801,2025-08,Nordics,power tools,branch,2,104,13764.29,10320.12,3444.17,14302.26,2,2,2,1
20250801,2025-08,Nordics,power tools,e-shop,3,153,18193.07,15018.66,3174.41,20585.95,3,3,3,0
20250801,2025-08,Nordics,power tools,field-sales,4,220,30483.09,25165.19,5317.9,33663.07,3,4,3,0
20250801,2025-08,Nordics,ppe,branch,4,69,252.2,164.68,87.52,261.23,4,3,3,0
20250801,2025-08,Nordics,ppe,e-shop,7,904,2853.41,2008.21,845.2,3276.58,7,7,7,0
20250801,2025-08,Nordics,ppe,field-sales,8,499,1525.8,1074.71,451.09,1747.25,6,8,6,0
20250801,2025-08,West,abrasives,branch,3,41,46.4,26.61,19.79,48.17,3,3,3,0
20250801,2025-08,West,abrasives,e-shop,8,345,335.13,210.04,125.09,369.14,8,8,8,0
20250801,2025-08,West,abrasives,field-sales,6,314,321.13,195.03,126.1,345.39,6,6,6,0
20250801,2025-08,West,abrasives,phone,1,161,162.24,109.97,52.27,197.85,1,1,1,0
20250801,2025-08,West,chemicals,branch,3,311,1880.99,1126.81,754.18,2126.8,2,3,2,0
20250801,2025-08,West,chemicals,e-shop,6,619,3643.19,2194.13,1449.06,4024.22,6,5,5,0
20250801,2025-08,West,chemicals,field-sales,8,654,3705.26,2318.38,1386.88,4264.57,7,8,7,0
20250801,2025-08,West,chemicals,phone,2,134,863.82,530.8,333.02,947.68,2,2,2,0
20250801,2025-08,West,fasteners,branch,2,66,59.2,36.22,22.98,62.81,2,2,2,0
20250801,2025-08,West,fasteners,e-shop,6,561,432.35,288.95,143.4,503.61,5,6,5,0
20250801,2025-08,West,fasteners,field-sales,1,88,88.82,50.36,38.46,88.99,1,1,1,0
20250801,2025-08,West,fasteners,phone,5,312,262.94,164.15,98.79,285.1,5,5,5,0
20250801,2025-08,West,hand tools,branch,2,30,650.46,456.26,194.2,696.0,2,2,2,0
20250801,2025-08,West,hand tools,e-shop,3,67,1373.99,1006.21,367.78,1560.94,3,3,3,0
20250801,2025-08,West,hand tools,field-sales,6,745,14820.47,11322.89,3497.58,17575.6,4,6,4,0
20250801,2025-08,West,hand tools,phone,1,22,527.81,365.56,162.25,565.71,1,1,1,0
20250801,2025-08,West,power tools,e-shop,4,512,66813.64,55245.88,11567.76,76027.97,4,4,4,0
20250801,2025-08,West,power tools,field-sales,2,307,40496.46,31951.96,8544.5,43706.64,2,2,2,0
20250801,2025-08,West,ppe,branch,2,105,344.8,230.84,113.96,377.91,2,2,2,0
20250801,2025-08,West,ppe,e-shop,7,269,864.89,548.65,316.24,900.42,7,7,7,0
20250801,2025-08,West,ppe,field-sales,4,201,655.1,415.64,239.46,665.34,4,4,4,0
20250801,2025-08,West,ppe,phone,3,74,266.37,175.79,90.58,284.52,3,3,3,0
20250901,2025-09,DACH-North,abrasives,branch,5,604,577.35,380.7,196.65,668.63,5,4,4,0
20250901,2025-09,DACH-North,abrasives,e-shop,14,1489,1518.36,982.04,536.32,1742.43,12,14,12,1
20250901,2025-09,DACH-North,abrasives,field-sales,11,1135,1176.7,708.72,467.98,1283.13,10,11,10,0
20250901,2025-09,DACH-North,abrasives,phone,3,203,218.28,123.81,94.47,227.66,1,3,1,0
20250901,2025-09,DACH-North,chemicals,branch,5,531,2906.32,1866.63,1039.69,3394.75,4,4,3,0
20250901,2025-09,DACH-North,chemicals,e-shop,14,1298,7482.69,4425.77,3056.92,8339.12,12,13,11,0
20250901,2025-09,DACH-North,chemicals,field-sales,6,489,2737.55,1764.1,973.45,3263.04,5,5,4,1
20250901,2025-09,DACH-North,chemicals,phone,2,90,590.47,338.35,252.12,610.06,2,2,2,0
20250901,2025-09,DACH-North,fasteners,branch,7,418,333.2,219.35,113.85,376.56,6,6,5,0
20250901,2025-09,DACH-North,fasteners,e-shop,10,477,394.93,250.77,144.16,436.78,8,9,7,0
20250901,2025-09,DACH-North,fasteners,field-sales,10,784,643.48,417.39,226.09,745.1,8,10,8,0
20250901,2025-09,DACH-North,fasteners,phone,2,59,56.54,33.29,23.25,56.53,2,2,2,0
20250901,2025-09,DACH-North,hand tools,branch,5,291,6608.44,4414.42,2194.02,6913.45,3,5,3,0
20250901,2025-09,DACH-North,hand tools,e-shop,5,310,6893.48,5060.8,1832.68,7708.26,3,5,3,0
20250901,2025-09,DACH-North,hand tools,field-sales,7,690,14699.19,10981.93,3717.26,16759.91,5,7,5,0
20250901,2025-09,DACH-North,hand tools,phone,2,249,4902.66,4320.87,581.79,6436.12,2,2,2,0
20250901,2025-09,DACH-North,power tools,branch,3,123,17431.77,13559.87,3871.9,19066.09,3,3,3,0
20250901,2025-09,DACH-North,power tools,e-shop,7,697,97660.69,73937.24,23723.45,105710.87,5,7,5,1
20250901,2025-09,DACH-North,power tools,field-sales,6,928,111770.27,95610.45,16159.82,130163.96,6,6,6,1
20250901,2025-09,DACH-North,power tools,phone,3,82,11194.85,8859.28,2335.57,12139.93,1,3,1,0
20250901,2025-09,DACH-North,ppe,branch,5,330,1009.2,747.76,261.44,1176.9,5,4,4,1
20250901,2025-09,DACH-North,ppe,e-shop,10,1238,3449.99,2491.27,958.72,4052.01,9,10,9,0
20250901,2025-09,DACH-North,ppe,field-sales,4,467,1485.2,992.77,492.43,1669.57,3,3,3,1
20250901,2025-09,DACH-North,ppe,phone,4,628,1932.16,1410.35,521.81,2299.98,4,4,4,0
20250901,2025-09,DACH-South,abrasives,branch,9,458,466.76,288.01,178.75,519.82,9,9,9,0
20250901,2025-09,DACH-South,abrasives,e-shop,9,353,377.3,220.03,157.27,395.57,8,9,8,1
20250901,2025-09,DACH-South,abrasives,field-sales,11,643,627.94,398.94,229.0,719.74,11,9,9,1
20250901,2025-09,DACH-South,abrasives,phone,1,87,88.16,52.43,35.73,95.41,1,0,0,0
20250901,2025-09,DACH-South,chemicals,branch,6,298,1933.76,1156.12,777.64,2130.08,4,6,4,0
20250901,2025-09,DACH-South,chemicals,e-shop,13,740,4552.87,2680.74,1872.13,5002.71,13,12,12,0
20250901,2025-09,DACH-South,chemicals,field-sales,11,1218,7469.47,4507.86,2961.61,8301.61,7,11,7,0
20250901,2025-09,DACH-South,chemicals,phone,2,52,360.08,207.23,152.85,375.43,2,2,2,0
20250901,2025-09,DACH-South,fasteners,branch,15,869,744.96,483.93,261.03,833.6,12,13,10,0
20250901,2025-09,DACH-South,fasteners,e-shop,24,1755,1431.74,924.02,507.72,1581.04,20,22,18,1
20250901,2025-09,DACH-South,fasteners,field-sales,19,1300,1076.77,680.71,396.06,1175.31,16,17,14,3
20250901,2025-09,DACH-South,fasteners,phone,5,247,196.61,124.81,71.8,215.98,5,5,5,0
20250901,2025-09,DACH-South,hand tools,branch,6,387,8481.01,6114.64,2366.37,9145.81,6,6,6,0
20250901,2025-09,DACH-South,hand tools,e-shop,8,507,11774.16,8551.51,3222.65,13010.78,8,8,8,0
20250901,2025-09,DACH-South,hand tools,field-sales,5,372,7092.66,5718.77,1373.89,8629.34,5,5,5,0
20250901,2025-09,DACH-South,hand tools,phone,4,813,18192.56,13511.97,4680.59,20775.78,3,4,3,0
20250901,2025-09,DACH-South,power tools,branch,5,276,34488.75,27139.49,7349.26,37289.68,5,5,5,0
20250901,2025-09,DACH-South,power tools,e-shop,8,495,63730.39,52132.79,11597.6,71968.29,6,8,6,0
20250901,2025-09,DACH-South,power tools,field-sales,5,217,28533.54,21438.95,7094.59,30698.96,3,5,3,0
20250901,2025-09,DACH-South,power tools,phone,3,152,22550.67,16392.42,6158.25,23271.06,2,3,2,0
20250901,2025-09,DACH-South,ppe,branch,8,866,2477.9,1733.84,744.06,2862.37,7,8,7,0
20250901,2025-09,DACH-South,ppe,e-shop,9,655,2126.6,1404.34,722.26,2309.62,7,9,7,0
20250901,2025-09,DACH-South,ppe,field-sales,5,387,1229.25,870.38,358.87,1395.54,5,5,5,0
20250901,2025-09,DACH-South,ppe,phone,4,499,1555.21,1129.07,426.14,1805.87,2,4,2,0
20250901,2025-09,East,abrasives,branch,7,822,882.77,530.89,351.88,941.87,5,7,5,0
20250901,2025-09,East,abrasives,e-shop,16,1187,1211.35,760.6,450.75,1337.36,13,15,12,1
20250901,2025-09,East,abrasives,field-sales,8,429,444.34,271.5,172.84,484.16,7,8,7,2
20250901,2025-09,East,abrasives,phone,3,125,136.0,79.67,56.33,143.61,2,3,2,0
20250901,2025-09,East,chemicals,branch,7,659,4078.14,2430.11,1648.03,4437.78,5,6,4,0
20250901,2025-09,East,chemicals,e-shop,11,554,3276.23,1941.02,1335.21,3585.78,10,10,9,0
20250901,2025-09,East,chemicals,field-sales,12,1199,6731.18,4184.41,2546.77,7558.27,11,12,11,0
20250901,2025-09,East,chemicals,phone,3,349,2219.94,1384.87,835.07,2548.58,3,3,3,0
20250901,2025-09,East,fasteners,branch,10,791,636.34,421.16,215.18,724.77,7,10,7,0
20250901,2025-09,East,fasteners,e-shop,21,1193,998.61,648.01,350.6,1107.53,19,20,18,0
20250901,2025-09,East,fasteners,field-sales,16,1359,1060.35,703.72,356.63,1215.47,15,16,15,0
20250901,2025-09,East,fasteners,phone,2,561,414.57,264.64,149.93,468.34,2,2,2,0
20250901,2025-09,East,hand tools,branch,7,807,16509.72,12897.95,3611.77,19161.8,7,7,7,1
20250901,2025-09,East,hand tools,e-shop,6,928,20906.0,16051.31,4854.69,23818.48,3,6,3,0
20250901,2025-09,East,hand tools,field-sales,9,404,8990.79,6692.46,2298.33,9992.45,7,8,6,0
20250901,2025-09,East,hand tools,phone,3,75,1736.64,1237.19,499.45,1840.45,2,3,2,0
20250901,2025-09,East,power tools,branch,1,14,1783.82,1346.11,437.71,1789.19,1,1,1,0
20250901,2025-09,East,power tools,e-shop,6,523,70221.34,57964.16,12257.18,81545.37,4,6,4,1
20250901,2025-09,East,power tools,field-sales,2,86,11991.15,8556.8,3434.35,12283.46,2,2,2,1
20250901,2025-09,East,power tools,phone,2,84,10576.92,8731.97,1844.95,12228.09,2,2,2,0
20250901,2025-09,East,ppe,branch,7,403,1105.2,810.28,294.92,1307.92,6,7,6,0
20250901,2025-09,East,ppe,e-shop,15,1391,4348.13,3011.47,1336.66,4840.34,13,14,13,2
20250901,2025-09,East,ppe,field-sales,9,772,2338.87,1602.62,736.25,2615.08,6,9,6,1
20250901,2025-09,East,ppe,phone,1,105,352.43,217.01,135.42,367.88,1,0,0,0
20250901,2025-09,Nordics,abrasives,branch,9,874,908.86,569.69,339.17,1009.26,8,9,8,0
20250901,2025-09,Nordics,abrasives,e-shop,10,830,850.92,536.94,313.98,967.86,9,9,8,1
20250901,2025-09,Nordics,abrasives,field-sales,2,65,77.08,45.89,31.19,79.21,1,2,1,0
20250901,2025-09,Nordics,abrasives,phone,2,95,87.9,55.34,32.56,94.77,2,2,2,0
20250901,2025-09,Nordics,chemicals,branch,2,62,393.41,217.85,175.56,404.02,2,2,2,0
20250901,2025-09,Nordics,chemicals,e-shop,9,997,5712.0,3474.98,2237.02,6392.45,9,8,8,0
20250901,2025-09,Nordics,chemicals,field-sales,10,877,5266.85,3137.19,2129.66,5821.62,10,9,9,0
20250901,2025-09,Nordics,chemicals,phone,2,73,456.58,255.31,201.27,475.69,2,2,2,0
20250901,2025-09,Nordics,fasteners,branch,7,581,499.97,326.3,173.67,553.58,7,7,7,0
20250901,2025-09,Nordics,fasteners,e-shop,15,778,676.69,416.24,260.45,724.43,13,15,13,0
20250901,2025-09,Nordics,fasteners,field-sales,12,726,587.07,379.76,207.31,650.5,8,10,7,0
20250901,2025-09,Nordics,fasteners,phone,3,331,244.08,169.6,74.48,298.33,2,3,2,1
20250901,2025-09,Nordics,hand tools,branch,3,75,1575.98,1087.85,488.13,1713.07,2,3,2,0
20250901,2025-09,Nordics,hand tools,e-shop,7,260,5793.23,4291.47,1501.76,6625.73,6,7,6,0
20250901,2025-09,Nordics,hand tools,field-sales,3,149,3214.5,2466.26,748.24,3749.36,3,2,2,0
20250901,2025-09,Nordics,hand tools,phone,4,309,6177.05,4853.91,1323.14,7337.56,4,4,4,0
20250901,2025-09,Nordics,power tools,branch,2,98,15123.45,10780.13,4343.32,15260.1,2,2,2,0
20250901,2025-09,Nordics,power tools,e-shop,10,975,121481.04,99409.17,22071.87,137556.33,8,10,8,1
20250901,2025-09,Nordics,power tools,field-sales,9,742,97209.72,77186.91,20022.81,108458.27,8,7,6,1
20250901,2025-09,Nordics,ppe,branch,2,213,637.47,410.05,227.42,676.39,1,2,1,0
20250901,2025-09,Nordics,ppe,e-shop,10,1076,3189.14,2295.62,893.52,3693.52,8,9,8,0
20250901,2025-09,Nordics,ppe,field-sales,10,643,1944.3,1338.65,605.65,2178.24,5,10,5,0
20250901,2025-09,Nordics,ppe,phone,3,434,1381.23,970.79,410.44,1561.4,2,3,2,0
20250901,2025-09,West,abrasives,branch,3,352,400.34,234.72,165.62,419.09,3,2,2,0
20250901,2025-09,West,abrasives,e-shop,10,981,1011.24,645.28,365.96,1152.38,9,10,9,0
20250901,2025-09,West,abrasives,field-sales,8,639,671.68,418.87,252.81,752.49,7,8,7,1
20250901,2025-09,West,abrasives,phone,3,564,551.91,362.2,189.71,626.65,2,3,2,0
20250901,2025-09,West,chemicals,branch,3,93,595.13,342.72,252.41,637.68,3,3,3,0
20250901,2025-09,West,chemicals,e-shop,13,733,4175.21,2524.17,1651.04,4715.82,12,13,12,1
20250901,2025-09,West,chemicals,field-sales,3,201,1221.31,738.39,482.92,1352.15,3,3,3,0
20250901,2025-09,West,chemicals,phone,4,151,909.85,509.92,399.93,946.23,4,4,4,0
20250901,2025-09,West,fasteners,branch,5,335,267.82,174.55,93.27,295.72,4,5,4,0
20250901,2025-09,West,fasteners,e-shop,16,1373,1100.73,731.62,369.11,1258.04,14,12,10,2
20250901,2025-09,West,fasteners,field-sales,14,1317,1004.32,690.34,313.98,1172.51,10,12,8,0
20250901,2025-09,West,fasteners,phone,4,214,188.24,114.24,74.0,199.46,3,3,2,0
20250901,2025-09,West,hand tools,branch,3,204,4413.75,3245.45,1168.3,5031.98,2,3,2,0
20250901,2025-09,West,hand tools,e-shop,5,481,11092.27,8083.77,3008.5,11972.15,5,4,4,0
20250901,2025-09,West,hand tools,field-sales,2,108,2166.3,1705.63,460.67,2600.34,2,2,2,0
20250901,2025-09,West,hand tools,phone,2,109,2806.95,1859.58,947.37,2833.61,1,2,1,0
20250901,2025-09,West,power tools,branch,2,79,10636.42,8135.48,2500.94,11341.71,2,2,2,0
20250901,2025-09,West,power tools,e-shop,8,739,93584.84,76171.77,17413.07,106094.43,7,8,7,1
20250901,2025-09,West,power tools,field-sales,4,270,34906.55,27543.87,7362.68,38495.09,3,4,3,0
20250901,2025-09,West,power tools,phone,1,26,3058.26,2667.91,390.35,3589.51,0,1,0,0
20250901,2025-09,West,ppe,branch,7,622,2026.93,1397.17,629.76,2279.15,5,7,5,0
20250901,2025-09,West,ppe,e-shop,9,820,2544.23,1786.34,757.89,2873.28,8,8,7,0
20250901,2025-09,West,ppe,field-sales,5,252,827.21,531.4,295.81,867.35,4,5,4,0
20250901,2025-09,West,ppe,phone,2,80,256.84,172.93,83.91,277.87,2,2,2,0
20251001,2025-10,DACH-North,abrasives,branch,7,826,859.63,548.32,311.31,963.28,7,7,7,0
20251001,2025-10,DACH-North,abrasives,e-shop,8,789,793.67,468.54,325.13,847.32,8,8,8,0
20251001,2025-10,DACH-North,abrasives,field-sales,9,669,672.74,426.75,245.99,757.32,9,7,7,0
20251001,2025-10,DACH-North,abrasives,phone,2,65,66.43,39.17,27.26,69.13,1,2,1,0
20251001,2025-10,DACH-North,chemicals,branch,5,489,2929.47,1783.26,1146.21,3294.83,5,4,4,0
20251001,2025-10,DACH-North,chemicals,e-shop,15,839,5183.97,3144.35,2039.62,5810.26,13,14,13,2
20251001,2025-10,DACH-North,chemicals,field-sales,11,864,4789.7,3073.06,1716.64,5580.65,7,11,7,0
20251001,2025-10,DACH-North,chemicals,phone,2,126,832.87,491.74,341.13,896.14,1,1,0,0
20251001,2025-10,DACH-North,fasteners,branch,7,570,469.4,298.16,171.24,515.14,6,6,5,1
20251001,2025-10,DACH-North,fasteners,e-shop,16,1512,1257.25,821.39,435.86,1418.18,15,15,15,1
20251001,2025-10,DACH-North,fasteners,field-sales,9,680,588.96,379.81,209.15,650.12,5,9,5,0
20251001,2025-10,DACH-North,fasteners,phone,6,462,386.49,257.71,128.78,445.31,6,5,5,0
20251001,2025-10,DACH-North,hand tools,branch,3,233,4519.44,3391.87,1127.57,5324.77,3,3,3,0
20251001,2025-10,DACH-North,hand tools,e-shop,6,284,6642.91,4939.67,1703.24,7345.91,5,6,5,0
20251001,2025-10,DACH-North,hand tools,field-sales,7,261,6450.48,4345.23,2105.25,6731.98,7,6,6,0
20251001,2025-10,DACH-North,hand tools,phone,3,429,8108.36,6854.82,1253.54,10258.33,3,3,3,0
20251001,2025-10,DACH-North,power tools,branch,5,473,56366.84,43650.32,12716.52,61985.41,4,4,4,0
20251001,2025-10,DACH-North,power tools,e-shop,7,780,94133.69,78200.81,15932.88,110655.19,7,7,7,0
20251001,2025-10,DACH-North,power tools,field-sales,10,705,89962.5,72430.31,17532.19,101447.76,9,9,8,1
20251001,2025-10,DACH-North,power tools,phone,1,14,1942.2,1566.47,375.73,2097.4,1,1,1,0
20251001,2025-10,DACH-North,ppe,branch,8,612,1832.92,1358.17,474.75,2178.35,6,7,5,1
20251001,2025-10,DACH-North,ppe,e-shop,13,644,2117.43,1465.69,651.74,2324.28,11,13,11,1
20251001,2025-10,DACH-North,ppe,field-sales,10,482,1523.26,1033.16,490.1,1652.05,9,10,9,0
20251001,2025-10,DACH-North,ppe,phone,6,698,2318.29,1571.83,746.46,2553.09,3,6,3,0
20251001,2025-10,DACH-South,abrasives,branch,6,787,767.86,473.16,294.7,844.36,5,4,4,1
20251001,2025-10,DACH-South,abrasives,e-shop,14,785,776.53,485.52,291.01,871.24,9,14,9,0
20251001,2025-10,DACH-South,abrasives,field-sales,12,1084,1130.91,712.59,418.32,1254.92,9,11,8,0
20251001,2025-10,DACH-South,abrasives,phone,4,503,507.87,348.13,159.74,613.68,4,4,4,0
20251001,2025-10,DACH-South,chemicals,branch,10,412,2463.21,1462.55,1000.66,2731.51,10,10,10,0
20251001,2025-10,DACH-South,chemicals,e-shop,8,568,3316.08,2053.36,1262.72,3934.88,7,6,5,1
20251001,2025-10,DACH-South,chemicals,field-sales,4,519,2524.84,1739.03,785.81,3180.84,4,4,4,1
20251001,2025-10,DACH-South,chemicals,phone,7,847,5341.57,3238.26,2103.31,5814.18,5,6,5,0
20251001,2025-10,DACH-South,fasteners,branch,7,785,598.87,388.82,210.05,680.26,6,7,6,0
20251001,2025-10,DACH-South,fasteners,e-shop,27,2016,1643.64,1064.01,579.63,1834.11,19,25,17,0
20251001,2025-10,DACH-South,fasteners,field-sales,19,1523,1320.2,813.87,506.33,1405.7,19,19,19,0
20251001,2025-10,DACH-South,fasteners,phone,12,1033,878.85,558.02,320.83,950.56,8,12,8,1
20251001,2025-10,DACH-South,hand tools,branch,5,521,12110.03,8617.84,3492.19,12791.34,4,4,3,1
20251001,2025-10,DACH-South,hand tools,e-shop,6,410,9260.82,6465.5,2795.32,9919.41,5,6,5,1
20251001,2025-10,DACH-South,hand tools,field-sales,10,679,14273.81,10457.15,3816.66,15654.86,9,10,9,0
20251001,2025-10,DACH-South,hand tools,phone,3,114,2486.26,1770.84,715.42,2783.19,3,3,3,0
20251001,2025-10,DACH-South,power tools,branch,4,183,23601.28,18542.58,5058.7,25916.17,4,4,4,0
20251001,2025-10,DACH-South,power tools,e-shop,5,317,40758.83,33773.84,6984.99,47839.47,3,4,2,0
20251001,2025-10,DACH-South,power tools,field-sales,7,513,67344.75,55330.94,12013.81,75973.73,7,7,7,0
20251001,2025-10,DACH-South,power tools,phone,1,24,3586.69,2677.18,909.51,3593.88,1,1,1,0
20251001,2025-10,DACH-South,ppe,branch,11,570,1900.14,1261.69,638.45,2061.97,10,11,10,0
20251001,2025-10,DACH-South,ppe,e-shop,14,1013,3053.96,2129.67,924.29,3432.17,13,14,13,0
20251001,2025-10,DACH-South,ppe,field-sales,6,207,693.07,459.83,233.24,735.52,3,6,3,0
20251001,2025-10,DACH-South,ppe,phone,2,64,189.44,120.55,68.89,201.56,2,2,2,0
20251001,2025-10,East,abrasives,branch,7,455,470.74,296.24,174.5,523.91,7,7,7,0
20251001,2025-10,East,abrasives,e-shop,11,562,582.4,347.71,234.69,625.26,9,10,8,0
20251001,2025-10,East,abrasives,field-sales,15,1296,1257.72,760.33,497.39,1396.6,13,14,12,0
20251001,2025-10,East,abrasives,phone,5,444,420.96,271.82,149.14,479.54,4,5,4,0
20251001,2025-10,East,chemicals,branch,3,76,514.67,282.79,231.88,527.11,2,3,2,0
20251001,2025-10,East,chemicals,e-shop,6,468,3037.35,1763.22,1274.13,3308.38,6,6,6,0
20251001,2025-10,East,chemicals,field-sales,9,586,3458.05,2058.99,1399.06,3802.19,6,9,6,0
20251001,2025-10,East,chemicals,phone,10,452,2806.84,1661.22,1145.62,3020.6,6,8,5,0
20251001,2025-10,East,fasteners,branch,13,553,485.56,303.8,181.76,518.47,11,13,11,0
20251001,2025-10,East,fasteners,e-shop,21,1863,1448.84,971.68,477.16,1657.34,18,20,17,2
20251001,2025-10,East,fasteners,field-sales,15,1181,993.78,629.88,363.9,1069.93,11,14,11,0
20251001,2025-10,East,fasteners,phone,6,462,364.84,230.1,134.74,405.58,5,6,5,0
20251001,2025-10,East,hand tools,branch,3,86,1953.13,1426.01,527.12,2143.73,3,3,3,0
20251001,2025-10,East,hand tools,e-shop,6,989,21332.04,16098.44,5233.6,24773.18,5,5,4,0
20251001,2025-10,East,hand tools,field-sales,9,306,7119.08,4996.39,2122.69,7514.96,8,8,7,0
20251001,2025-10,East,power tools,branch,1,83,9602.15,8508.45,1093.7,11913.34,1,1,1,0
20251001,2025-10,East,power tools,e-shop,7,621,81158.11,63292.38,17865.73,87237.63,6,7,6,1
20251001,2025-10,East,power tools,field-sales,4,207,27677.84,20795.29,6882.55,29154.63,4,4,4,0
20251001,2025-10,East,power tools,phone,4,269,35746.22,28849.9,6896.32,39425.4,3,4,3,0
20251001,2025-10,East,ppe,branch,7,315,1072.21,695.51,376.7,1101.07,4,7,4,0
20251001,2025-10,East,ppe,e-shop,7,344,1100.64,757.98,342.66,1233.1,7,7,7,0
20251001,2025-10,East,ppe,field-sales,15,590,1952.51,1295.07,657.44,2097.23,13,14,13,1
20251001,2025-10,East,ppe,phone,5,416,1428.21,907.99,520.22,1495.37,5,4,4,1
20251001,2025-10,Nordics,abrasives,branch,5,710,768.17,480.6,287.57,838.2,5,4,4,0
20251001,2025-10,Nordics,abrasives,e-shop,11,1606,1542.09,989.91,552.18,1779.9,10,11,10,2
20251001,2025-10,Nordics,abrasives,field-sales,7,1287,1240.85,801.95,438.9,1424.18,6,7,6,0
20251001,2025-10,Nordics,abrasives,phone,3,96,109.24,60.88,48.36,111.8,2,3,2,0
20251001,2025-10,Nordics,chemicals,branch,7,459,2728.83,1627.35,1101.48,2975.01,7,7,7,0
20251001,2025-10,Nordics,chemicals,e-shop,13,623,3791.34,2251.74,1539.6,4184.66,12,13,12,0
20251001,2025-10,Nordics,chemicals,field-sales,4,352,2023.01,1332.3,690.71,2415.04,3,3,3,0
20251001,2025-10,Nordics,chemicals,phone,2,62,405.01,235.6,169.41,434.78,2,1,1,0
20251001,2025-10,Nordics,fasteners,branch,10,946,764.47,502.9,261.57,854.3,8,9,7,0
20251001,2025-10,Nordics,fasteners,e-shop,14,817,702.72,442.15,260.57,758.07,10,14,10,0
20251001,2025-10,Nordics,fasteners,field-sales,8,789,653.53,429.71,223.82,738.94,7,8,7,0
20251001,2025-10,Nordics,fasteners,phone,2,111,96.4,58.28,38.12,100.83,1,2,1,0
20251001,2025-10,Nordics,hand tools,branch,1,94,1981.2,1296.06,685.14,2046.69,1,1,1,0
20251001,2025-10,Nordics,hand tools,e-shop,4,381,8331.77,6449.44,1882.33,9377.52,4,4,4,0
20251001,2025-10,Nordics,hand tools,field-sales,3,199,4597.67,3479.74,1117.93,5144.67,3,3,3,0
20251001,2025-10,Nordics,hand tools,phone,2,223,4568.99,3352.9,1216.09,4985.55,2,2,2,0
20251001,2025-10,Nordics,power tools,branch,3,295,41018.99,31661.19,9357.8,44239.04,3,3,3,0
20251001,2025-10,Nordics,power tools,e-shop,11,1003,133187.24,108463.5,24723.74,149935.18,10,10,9,1
20251001,2025-10,Nordics,power tools,field-sales,2,280,32158.89,28449.13,3709.76,38314.71,2,2,2,0
20251001,2025-10,Nordics,power tools,phone,5,552,66105.84,54504.14,11601.7,77318.63,5,5,5,0
20251001,2025-10,Nordics,ppe,branch,5,269,819.6,525.1,294.5,856.21,5,5,5,0
20251001,2025-10,Nordics,ppe,e-shop,14,843,2591.87,1815.31,776.56,2906.15,9,14,9,0
20251001,2025-10,Nordics,ppe,field-sales,7,406,1193.82,847.89,345.93,1350.74,7,6,6,0
20251001,2025-10,Nordics,ppe,phone,2,283,920.44,674.27,246.17,1041.49,1,2,1,1
20251001,2025-10,West,abrasives,branch,2,293,268.25,180.6,87.65,307.58,2,2,2,0
20251001,2025-10,West,abrasives,e-shop,11,570,565.45,354.39,211.06,631.21,10,11,10,0
20251001,2025-10,West,abrasives,field-sales,9,522,540.59,325.82,214.77,583.36,9,9,9,0
20251001,2025-10,West,abrasives,phone,2,63,70.27,43.81,26.46,77.59,2,2,2,1
20251001,2025-10,West,chemicals,branch,11,414,2740.68,1582.62,1158.06,2892.15,7,11,7,0
20251001,2025-10,West,chemicals,e-shop,15,1381,7850.15,4750.81,3099.34,8982.53,14,14,13,0
20251001,2025-10,West,chemicals,field-sales,3,84,495.49,301.91,193.58,552.32,3,3,3,0
20251001,2025-10,West,chemicals,phone,1,75,455.16,289.36,165.8,532.35,1,1,1,0
20251001,2025-10,West,fasteners,branch,15,1063,937.56,592.61,344.95,1017.08,12,14,12,1
20251001,2025-10,West,fasteners,e-shop,15,1389,1110.9,756.62,354.28,1280.53,8,15,8,1
20251001,2025-10,West,fasteners,field-sales,6,229,196.36,125.47,70.89,213.73,5,4,3,0
20251001,2025-10,West,fasteners,phone,2,161,138.58,84.29,54.29,152.06,2,2,2,0
20251001,2025-10,West,hand tools,branch,1,164,3174.43,2449.02,725.41,3699.81,1,1,1,0
20251001,2025-10,West,hand tools,e-shop,3,151,3931.26,2649.42,1281.84,4078.48,3,3,3,0
20251001,2025-10,West,hand tools,field-sales,7,373,7777.65,5818.15,1959.5,8591.64,5,7,5,0
20251001,2025-10,West,hand tools,phone,3,120,2445.21,1750.02,695.19,2763.23,2,3,2,0
20251001,2025-10,West,power tools,branch,2,193,24625.67,19992.02,4633.65,28773.57,2,2,2,0
20251001,2025-10,West,power tools,e-shop,9,756,100448.86,78694.61,21754.25,109644.55,7,9,7,1
20251001,2025-10,West,power tools,field-sales,6,437,55441.87,45056.36,10385.51,61778.25,6,6,6,3
20251001,2025-10,West,power tools,phone,2,461,65541.58,51895.6,13645.98,72492.07,2,2,2,0
20251001,2025-10,West,ppe,branch,7,302,956.86,651.69,305.17,1041.43,7,7,7,0
20251001,2025-10,West,ppe,e-shop,10,819,2637.36,1763.19,874.17,2876.8,8,10,8,0
20251001,2025-10,West,ppe,field-sales,8,769,2338.95,1561.35,777.6,2596.6,8,8,8,0
20251001,2025-10,West,ppe,phone,1,35,107.49,71.5,35.99,116.34,0,1,0,0
20251101,2025-11,DACH-North,abrasives,branch,2,69,74.69,45.01,29.68,81.38,2,2,2,0
20251101,2025-11,DACH-North,abrasives,e-shop,8,682,681.33,436.32,245.01,786.6,8,8,8,0
20251101,2025-11,DACH-North,abrasives,field-sales,7,1051,1107.72,697.33,410.39,1217.35,7,7,7,0
20251101,2025-11,DACH-North,abrasives,phone,2,82,94.1,54.12,39.98,96.47,2,2,2,0
20251101,2025-11,DACH-North,chemicals,branch,4,379,2158.73,1440.79,717.94,2579.95,4,4,4,0
20251101,2025-11,DACH-North,chemicals,e-shop,6,476,2788.88,1725.4,1063.48,3135.96,6,6,6,1
20251101,2025-11,DACH-North,chemicals,field-sales,6,908,5124.63,3206.42,1918.21,5907.67,6,6,6,0
20251101,2025-11,DACH-North,chemicals,phone,1,121,815.59,442.91,372.68,853.12,1,1,1,0
20251101,2025-11,DACH-North,fasteners,branch,7,509,439.21,274.36,164.85,466.64,7,6,6,0
20251101,2025-11,DACH-North,fasteners,e-shop,11,610,518.0,342.05,175.95,575.4,11,11,11,0
20251101,2025-11,DACH-North,fasteners,field-sales,7,792,606.7,426.4,180.3,723.42,7,7,7,0
20251101,2025-11,DACH-North,fasteners,phone,2,65,60.59,36.82,23.77,63.68,2,1,1,0
20251101,2025-11,DACH-North,hand tools,branch,4,262,5843.01,4434.57,1408.44,6722.87,3,4,3,0
20251101,2025-11,DACH-North,hand tools,e-shop,7,653,13161.24,10174.75,2986.49,15183.33,5,7,5,0
20251101,2025-11,DACH-North,hand tools,field-sales,9,640,13691.54,10029.13,3662.41,15335.82,8,9,8,0
20251101,2025-11,DACH-North,hand tools,phone,3,386,7111.16,5664.39,1446.77,8633.64,2,3,2,0
20251101,2025-11,DACH-North,power tools,branch,2,135,18200.47,14574.89,3625.58,19962.88,2,2,2,0
20251101,2025-11,DACH-North,power tools,e-shop,4,118,15051.89,11472.05,3579.84,16149.28,2,4,2,1
20251101,2025-11,DACH-North,power tools,field-sales,4,178,23730.47,18008.07,5722.4,24799.66,4,3,3,0
20251101,2025-11,DACH-North,ppe,branch,7,444,1430.44,966.57,463.87,1573.19,7,7,7,0
20251101,2025-11,DACH-North,ppe,e-shop,9,489,1491.06,1071.84,419.22,1758.66,9,9,9,0
20251101,2025-11,DACH-North,ppe,field-sales,9,973,3119.53,2177.84,941.69,3560.28,8,9,8,0
20251101,2025-11,DACH-North,ppe,phone,2,410,1316.94,941.41,375.53,1518.62,2,2,2,1
20251101,2025-11,DACH-South,abrasives,branch,3,209,231.88,147.09,84.79,251.5,3,3,3,0
20251101,2025-11,DACH-South,abrasives,e-shop,9,888,901.01,561.41,339.6,998.65,6,9,6,1
20251101,2025-11,DACH-South,abrasives,field-sales,12,897,936.94,567.65,369.29,1004.44,9,12,9,0
20251101,2025-11,DACH-South,abrasives,phone,7,416,433.16,262.58,170.58,473.07,5,7,5,0
20251101,2025-11,DACH-South,chemicals,branch,4,277,1731.43,996.77,734.66,1883.78,3,4,3,0
20251101,2025-11,DACH-South,chemicals,e-shop,16,1220,7333.92,4317.68,3016.24,8034.77,13,16,13,0
20251101,2025-11,DACH-South,chemicals,field-sales,6,256,1594.74,930.41,664.33,1717.19,4,6,4,1
20251101,2025-11,DACH-South,chemicals,phone,2,285,1576.03,1031.77,544.26,1879.89,2,2,2,0
20251101,2025-11,DACH-South,fasteners,branch,20,1472,1223.83,789.85,433.98,1361.62,18,19,17,0
20251101,2025-11,DACH-South,fasteners,e-shop,21,2056,1673.5,1127.74,545.76,1922.06,20,21,20,1
20251101,2025-11,DACH-South,fasteners,field-sales,14,1045,843.26,556.88,286.38,953.33,12,14,12,0
20251101,2025-11,DACH-South,fasteners,phone,6,346,265.53,177.22,88.31,301.49,6,6,6,0
20251101,2025-11,DACH-South,hand tools,branch,2,337,7473.53,5373.71,2099.82,8426.16,2,1,1,0
20251101,2025-11,DACH-South,hand tools,e-shop,9,393,8790.96,6310.4,2480.56,9717.15,9,9,9,0
20251101,2025-11,DACH-South,hand tools,field-sales,4,198,4546.8,3449.36,1097.44,5108.59,2,4,2,0
20251101,2025-11,DACH-South,power tools,branch,4,156,21090.05,16621.88,4468.17,23108.87,4,4,4,0
20251101,2025-11,DACH-South,power tools,e-shop,4,473,61315.03,48446.26,12868.77,66752.04,3,4,3,1
20251101,2025-11,DACH-South,power tools,field-sales,4,265,34357.21,26955.97,7401.24,37323.43,4,4,4,1
20251101,2025-11,DACH-South,power tools,phone,1,38,4627.25,3351.0,1276.25,4896.56,1,1,1,0
20251101,2025-11,DACH-South,ppe,branch,9,857,2640.06,1804.92,835.14,2905.4,7,9,7,0
20251101,2025-11,DACH-South,ppe,e-shop,10,477,1611.5,1098.7,512.8,1781.86,10,9,9,0
20251101,2025-11,DACH-South,ppe,field-sales,10,754,2505.39,1754.54,750.85,2766.94,9,10,9,0
20251101,2025-11,DACH-South,ppe,phone,6,386,1215.39,781.27,434.12,1272.97,6,6,6,0
20251101,2025-11,East,abrasives,branch,2,108,112.31,67.32,44.99,121.46,2,2,2,0
20251101,2025-11,East,abrasives,e-shop,8,876,846.83,522.96,323.87,943.68,8,8,8,0
20251101,2025-11,East,abrasives,field-sales,8,549,551.34,335.7,215.64,613.86,7,6,5,0
20251101,2025-11,East,abrasives,phone,4,379,396.39,255.07,141.32,459.95,4,4,4,0
20251101,2025-11,East,chemicals,branch,3,572,3342.44,2077.7,1264.74,3807.39,2,3,2,0
20251101,2025-11,East,chemicals,e-shop,10,898,4998.36,2985.84,2012.52,5656.12,10,10,10,0
20251101,2025-11,East,chemicals,field-sales,8,601,3605.8,2209.56,1396.24,4105.1,8,8,8,0
20251101,2025-11,East,chemicals,phone,4,290,1844.88,1080.95,763.93,2010.94,4,4,4,1
20251101,2025-11,East,fasteners,branch,8,326,249.51,163.27,86.24,283.92,7,8,7,1
20251101,2025-11,East,fasteners,e-shop,20,1950,1625.49,1064.07,561.42,1837.12,17,19,16,0
20251101,2025-11,East,fasteners,field-sales,11,812,678.59,445.67,232.92,758.88,11,11,11,1
20251101,2025-11,East,fasteners,phone,3,107,101.18,61.59,39.59,102.87,3,3,3,1
20251101,2025-11,East,hand tools,branch,5,282,6080.38,4508.14,1572.24,6809.48,5,5,5,0
20251101,2025-11,East,hand tools,e-shop,7,392,8279.26,6091.26,2188.0,9393.9,7,7,7,0
20251101,2025-11,East,hand tools,field-sales,7,464,10597.28,7920.93,2676.35,12011.41,5,7,5,0
20251101,2025-11,East,hand tools,phone,1,412,8668.82,6756.81,1912.01,9941.31,1,1,1,0
20251101,2025-11,East,power tools,branch,2,75,9796.43,7658.7,2137.73,10474.15,2,2,2,0
20251101,2025-11,East,power tools,e-shop,8,599,77435.74,61276.54,16159.2,83991.82,7,8,7,0
20251101,2025-11,East,power tools,field-sales,1,288,40854.44,31230.11,9624.33,45192.96,1,1,1,0
20251101,2025-11,East,power tools,phone,2,259,33323.88,27630.61,5693.27,38285.24,2,2,2,0
20251101,2025-11,East,ppe,branch,6,189,578.65,396.5,182.15,639.06,5,5,4,0
20251101,2025-11,East,ppe,e-shop,6,419,1331.59,901.22,430.37,1456.96,6,6,6,0
20251101,2025-11,East,ppe,field-sales,8,557,1821.1,1232.06,589.04,1963.12,7,8,7,1
20251101,2025-11,East,ppe,phone,1,84,259.52,158.16,101.36,265.62,1,1,1,0
20251101,2025-11,Nordics,abrasives,branch,7,594,561.98,351.96,210.02,637.94,7,7,7,1
20251101,2025-11,Nordics,abrasives,e-shop,8,565,562.82,344.87,217.95,612.37,7,7,6,0
20251101,2025-11,Nordics,abrasives,field-sales,4,194,215.25,124.51,90.74,229.16,4,4,4,0
20251101,2025-11,Nordics,abrasives,phone,2,245,219.95,140.6,79.35,256.79,2,2,2,0
20251101,2025-11,Nordics,chemicals,branch,5,229,1531.45,868.52,662.93,1616.1,5,5,5,0
20251101,2025-11,Nordics,chemicals,e-shop,8,451,2612.99,1565.48,1047.51,2830.02,7,7,6,0
20251101,2025-11,Nordics,chemicals,field-sales,2,96,607.19,334.17,273.02,635.7,1,2,1,0
20251101,2025-11,Nordics,chemicals,phone,1,33,216.51,129.25,87.26,244.92,1,1,1,0
20251101,2025-11,Nordics,fasteners,branch,6,1109,933.74,613.85,319.89,1079.73,6,5,5,0
20251101,2025-11,Nordics,fasteners,e-shop,17,1230,1031.05,687.32,343.73,1167.02,17,17,17,1
20251101,2025-11,Nordics,fasteners,field-sales,18,1277,1006.27,664.65,341.62,1155.38,16,17,16,0
20251101,2025-11,Nordics,fasteners,phone,2,252,219.06,141.43,77.63,249.47,2,2,2,0
20251101,2025-11,Nordics,hand tools,branch,2,66,1459.72,1087.24,372.48,1656.08,2,2,2,0
20251101,2025-11,Nordics,hand tools,e-shop,6,551,12979.17,9231.3,3747.87,14174.79,5,6,5,0
20251101,2025-11,Nordics,hand tools,field-sales,4,163,3670.93,2580.18,1090.75,3893.28,3,4,3,0
20251101,2025-11,Nordics,power tools,branch,3,62,8251.83,6547.15,1704.68,8983.53,3,3,3,1
20251101,2025-11,Nordics,power tools,e-shop,3,367,49285.87,38671.39,10614.48,54257.81,3,3,3,0
20251101,2025-11,Nordics,power tools,field-sales,4,453,61331.8,49474.7,11857.1,67079.14,4,3,3,0
20251101,2025-11,Nordics,power tools,phone,3,230,31325.28,26057.14,5268.14,36071.35,3,3,3,0
20251101,2025-11,Nordics,ppe,branch,4,262,713.3,514.21,199.09,845.77,3,4,3,0
20251101,2025-11,Nordics,ppe,e-shop,8,516,1570.17,1089.94,480.23,1776.23,8,5,5,2
20251101,2025-11,Nordics,ppe,field-sales,6,795,2354.06,1636.32,717.74,2572.9,5,6,5,0
20251101,2025-11,Nordics,ppe,phone,2,58,186.11,132.68,53.43,207.52,2,2,2,1
20251101,2025-11,West,abrasives,branch,5,491,498.88,324.19,174.69,595.31,5,5,5,1
20251101,2025-11,West,abrasives,e-shop,9,576,621.48,390.26,231.22,688.48,8,9,8,0
20251101,2025-11,West,abrasives,field-sales,5,305,333.81,194.72,139.09,354.79,4,5,4,1
20251101,2025-11,West,abrasives,phone,1,11,10.68,6.3,4.38,11.18,1,1,1,0
20251101,2025-11,West,chemicals,branch,5,328,1778.5,1083.85,694.65,1995.79,5,5,5,0
20251101,2025-11,West,chemicals,e-shop,9,383,2516.71,1372.62,1144.09,2588.76,8,9,8,0
20251101,2025-11,West,chemicals,field-sales,6,313,1949.96,1152.05,797.91,2175.33,5,6,5,0
20251101,2025-11,West,chemicals,phone,3,280,1602.83,960.64,642.19,1745.67,3,3,3,0
20251101,2025-11,West,fasteners,branch,5,752,606.11,422.25,183.86,719.61,5,5,5,1
20251101,2025-11,West,fasteners,e-shop,14,1013,769.32,501.68,267.64,878.76,11,13,11,0
20251101,2025-11,West,fasteners,field-sales,8,983,793.69,536.58,257.11,917.27,7,7,6,0
20251101,2025-11,West,fasteners,phone,2,99,87.88,50.93,36.95,89.06,2,2,2,0
20251101,2025-11,West,hand tools,e-shop,7,192,4400.74,3123.4,1277.34,4755.12,7,7,7,0
20251101,2025-11,West,hand tools,field-sales,4,581,12440.13,9009.8,3430.33,14067.6,4,4,4,0
20251101,2025-11,West,hand tools,phone,1,100,2368.93,1650.01,718.92,2563.78,0,1,0,0
20251101,2025-11,West,power tools,branch,2,263,31157.49,25461.95,5695.54,34760.39,2,2,2,0
20251101,2025-11,West,power tools,e-shop,8,551,70005.54,55216.07,14789.47,77488.55,8,8,8,0
20251101,2025-11,West,power tools,field-sales,2,329,42002.28,36858.4,5143.88,49334.38,2,2,2,0
20251101,2025-11,West,ppe,branch,5,247,857.43,559.49,297.94,901.32,4,4,3,0
20251101,2025-11,West,ppe,e-shop,9,742,2344.54,1661.61,682.93,2648.47,9,9,9,0
20251101,2025-11,West,ppe,field-sales,5,1025,2942.38,2171.93,770.45,3421.35,2,5,2,0
20251101,2025-11,West,ppe,phone,2,131,428.24,276.81,151.43,443.77,2,2,2,0
20251201,2025-12,DACH-North,abrasives,branch,5,500,499.93,329.47,170.46,580.29,4,5,4,0
20251201,2025-12,DACH-North,abrasives,e-shop,4,687,719.65,461.12,258.53,802.65,3,4,3,0
20251201,2025-12,DACH-North,abrasives,field-sales,6,253,258.65,158.33,100.32,282.13,4,6,4,0
20251201,2025-12,DACH-North,chemicals,branch,4,530,3158.06,1953.41,1204.65,3698.25,4,4,4,0
20251201,2025-12,DACH-North,chemicals,e-shop,6,526,3087.56,1830.71,1256.85,3404.49,5,6,5,0
20251201,2025-12,DACH-North,chemicals,field-sales,8,396,2373.47,1420.18,953.29,2646.17,7,8,7,1
20251201,2025-12,DACH-North,chemicals,phone,3,602,3475.29,2159.77,1315.52,3942.64,3,3,3,0
20251201,2025-12,DACH-North,fasteners,branch,6,894,699.97,470.67,229.3,808.31,6,6,6,0
20251201,2025-12,DACH-North,fasteners,e-shop,11,536,461.29,290.43,170.86,499.24,10,10,9,1
20251201,2025-12,DACH-North,fasteners,field-sales,10,601,524.3,324.95,199.35,562.15,10,9,9,0
20251201,2025-12,DACH-North,fasteners,phone,1,102,79.05,54.41,24.64,93.88,0,1,0,0
20251201,2025-12,DACH-North,hand tools,branch,1,81,1686.74,1218.73,468.01,1899.48,1,1,1,0
20251201,2025-12,DACH-North,hand tools,e-shop,8,804,16868.89,12913.66,3955.23,19358.92,6,7,6,0
20251201,2025-12,DACH-North,hand tools,field-sales,4,261,6061.45,4304.53,1756.92,6491.96,4,3,3,0
20251201,2025-12,DACH-North,hand tools,phone,1,34,707.12,530.49,176.63,776.2,1,1,1,0
20251201,2025-12,DACH-North,power tools,branch,2,92,11876.47,9895.97,1980.5,13364.58,2,2,2,0
20251201,2025-12,DACH-North,power tools,e-shop,7,799,105383.4,86716.29,18667.11,118921.78,6,7,6,0
20251201,2025-12,DACH-North,power tools,field-sales,4,123,16151.38,13474.13,2677.25,18384.95,3,4,3,0
20251201,2025-12,DACH-North,power tools,phone,1,59,9321.73,6972.15,2349.58,9321.73,0,1,0,0
20251201,2025-12,DACH-North,ppe,branch,5,380,1132.56,825.86,306.7,1340.43,4,5,4,0
20251201,2025-12,DACH-North,ppe,e-shop,7,336,1105.27,739.38,365.89,1185.46,7,7,7,1
20251201,2025-12,DACH-North,ppe,field-sales,7,548,1752.82,1233.9,518.92,1990.1,6,6,5,0
20251201,2025-12,DACH-North,ppe,phone,2,136,361.39,268.61,92.78,430.78,2,2,2,0
20251201,2025-12,DACH-South,abrasives,branch,5,407,406.05,253.63,152.42,451.19,5,4,4,0
20251201,2025-12,DACH-South,abrasives,e-shop,11,724,699.46,446.04,253.42,804.6,8,10,8,0
20251201,2025-12,DACH-South,abrasives,field-sales,8,450,449.26,274.48,174.78,499.94,6,8,6,0
20251201,2025-12,DACH-South,abrasives,phone,4,128,124.8,76.72,48.08,134.36,4,4,4,1
20251201,2025-12,DACH-South,chemicals,branch,5,472,2897.78,1754.06,1143.72,3171.58,5,5,5,0
20251201,2025-12,DACH-South,chemicals,e-shop,7,612,3916.27,2268.06,1648.21,4225.5,7,7,7,1
20251201,2025-12,DACH-South,chemicals,field-sales,12,754,4537.75,2790.9,1746.85,5139.93,12,12,12,1
20251201,2025-12,DACH-South,chemicals,phone,2,172,1133.3,612.9,520.4,1140.67,2,1,1,0
20251201,2025-12,DACH-South,fasteners,branch,13,1011,848.61,541.94,306.67,939.14,11,13,11,0
20251201,2025-12,DACH-South,fasteners,e-shop,9,549,434.89,278.54,156.35,484.75,9,8,8,0
20251201,2025-12,DACH-South,fasteners,field-sales,12,809,641.23,403.89,237.34,702.03,11,12,11,0
20251201,2025-12,DACH-South,fasteners,phone,6,340,278.61,178.49,100.12,303.13,6,6,6,0
20251201,2025-12,DACH-South,hand tools,e-shop,5,222,4634.76,3423.79,1210.97,5178.92,5,5,5,0
20251201,2025-12,DACH-South,hand tools,field-sales,4,260,5735.99,3997.7,1738.29,6224.13,3,4,3,0
20251201,2025-12,DACH-South,hand tools,phone,2,111,2469.06,1827.97,641.09,2858.23,2,2,2,0
20251201,2025-12,DACH-South,power tools,branch,4,393,44352.13,40044.28,4307.85,54311.6,4,4,4,0
20251201,2025-12,DACH-South,power tools,e-shop,6,327,43239.68,34404.13,8835.55,46652.7,5,6,5,0
20251201,2025-12,DACH-South,power tools,phone,1,43,4897.98,3771.55,1126.43,5430.13,0,1,0,0
20251201,2025-12,DACH-South,ppe,branch,3,130,453.62,305.13,148.49,480.43,3,3,3,0
20251201,2025-12,DACH-South,ppe,e-shop,4,316,961.11,657.26,303.85,1052.35,4,4,4,0
20251201,2025-12,DACH-South,ppe,field-sales,6,742,2364.62,1561.4,803.22,2523.83,6,5,5,0
20251201,2025-12,DACH-South,ppe,phone,1,64,225.52,151.51,74.01,236.89,1,1,1,0
20251201,2025-12,East,abrasives,branch,8,579,559.9,380.31,179.59,661.01,7,8,7,0
20251201,2025-12,East,abrasives,e-shop,6,251,270.5,157.47,113.03,283.55,6,6,6,0
20251201,2025-12,East,abrasives,field-sales,9,611,667.16,400.42,266.74,725.51,8,8,7,0
20251201,2025-12,East,abrasives,phone,2,118,122.11,68.54,53.57,126.4,2,2,2,0
20251201,2025-12,East,chemicals,branch,5,166,981.75,552.66,429.09,1039.88,4,5,4,0
20251201,2025-12,East,chemicals,e-shop,13,1097,6169.85,3849.92,2319.93,7093.47,11,13,11,2
20251201,2025-12,East,chemicals,field-sales,4,305,1750.51,1043.59,706.92,1897.37,4,4,4,0
20251201,2025-12,East,chemicals,phone,1,50,312.65,190.34,122.31,340.58,1,1,1,0
20251201,2025-12,East,fasteners,branch,5,205,170.33,109.02,61.31,182.05,3,5,3,0
20251201,2025-12,East,fasteners,e-shop,16,1070,882.84,576.2,306.64,993.18,14,15,13,1
20251201,2025-12,East,fasteners,field-sales,10,322,272.65,173.62,99.03,299.64,10,10,10,0
20251201,2025-12,East,fasteners,phone,3,202,176.29,111.94,64.35,188.78,3,3,3,0
20251201,2025-12,East,hand tools,branch,5,313,6724.25,5166.21,1558.04,7606.72,5,5,5,0
20251201,2025-12,East,hand tools,e-shop,5,206,4993.36,3486.9,1506.46,5148.09,4,5,4,0
20251201,2025-12,East,hand tools,field-sales,3,176,4220.17,3092.0,1128.17,4623.8,3,3,3,0
20251201,2025-12,East,hand tools,phone,1,61,1518.15,1013.39,504.76,1578.12,1,1,1,0
20251201,2025-12,East,power tools,branch,3,92,12474.71,9508.29,2966.42,12931.31,3,3,3,1
20251201,2025-12,East,power tools,e-shop,2,475,60239.83,54180.11,6059.72,72918.73,1,2,1,0
20251201,2025-12,East,power tools,field-sales,5,163,21128.26,16271.28,4856.98,22816.27,5,4,4,0
20251201,2025-12,East,power tools,phone,1,20,2515.42,2135.26,380.16,3016.09,1,1,1,0
20251201,2025-12,East,ppe,branch,4,346,1008.58,719.27,289.31,1154.53,4,3,3,0
20251201,2025-12,East,ppe,e-shop,5,461,1499.91,956.44,543.47,1585.16,5,5,5,0
20251201,2025-12,East,ppe,field-sales,7,538,1805.16,1209.27,595.89,1916.82,4,6,3,0
20251201,2025-12,East,ppe,phone,4,212,689.58,442.34,247.24,709.56,4,4,4,0
20251201,2025-12,Nordics,abrasives,branch,4,456,417.1,268.41,148.69,487.08,4,4,4,0
20251201,2025-12,Nordics,abrasives,e-shop,7,612,685.09,408.06,277.03,732.11,7,7,7,0
20251201,2025-12,Nordics,abrasives,field-sales,3,93,92.51,54.61,37.9,100.84,3,3,3,0
20251201,2025-12,Nordics,abrasives,phone,4,729,785.8,441.77,344.03,814.44,4,4,4,0
20251201,2025-12,Nordics,chemicals,branch,3,132,831.77,448.08,383.69,866.49,2,3,2,0
20251201,2025-12,Nordics,chemicals,e-shop,5,199,1221.59,716.79,504.8,1288.28,5,5,5,0
20251201,2025-12,Nordics,chemicals,field-sales,5,184,1071.98,647.54,424.44,1202.66,5,5,5,0
20251201,2025-12,Nordics,chemicals,phone,2,114,668.97,391.7,277.27,726.74,1,2,1,0
20251201,2025-12,Nordics,fasteners,branch,6,202,162.23,99.04,63.19,175.46,6,6,6,0
20251201,2025-12,Nordics,fasteners,e-shop,7,625,541.48,350.25,191.23,596.12,7,7,7,0
20251201,2025-12,Nordics,fasteners,field-sales,11,1055,869.2,567.98,301.22,979.95,11,11,11,0
20251201,2025-12,Nordics,fasteners,phone,2,430,348.7,237.22,111.48,424.57,2,2,2,0
20251201,2025-12,Nordics,hand tools,e-shop,5,290,6046.59,4519.68,1526.91,6773.56,5,4,4,1
20251201,2025-12,Nordics,hand tools,field-sales,5,378,8630.18,6351.09,2279.09,9581.61,2,5,2,0
20251201,2025-12,Nordics,hand tools,phone,1,19,451.3,336.87,114.43,503.12,1,1,1,0
20251201,2025-12,Nordics,power tools,branch,3,747,87650.9,71053.29,16597.61,102115.64,3,3,3,0
20251201,2025-12,Nordics,power tools,e-shop,4,220,31126.59,23592.93,7533.66,33204.5,3,4,3,0
20251201,2025-12,Nordics,power tools,field-sales,4,535,59970.08,53277.15,6692.93,72353.91,2,4,2,0
20251201,2025-12,Nordics,power tools,phone,1,313,39893.61,33305.58,6588.03,45540.65,1,1,1,0
20251201,2025-12,Nordics,ppe,branch,1,49,163.6,103.2,60.4,171.3,1,1,1,0
20251201,2025-12,Nordics,ppe,e-shop,14,1151,3622.45,2515.65,1106.8,4026.64,12,14,12,0
20251201,2025-12,Nordics,ppe,field-sales,4,205,650.09,436.3,213.79,715.78,4,4,4,0
20251201,2025-12,Nordics,ppe,phone,4,580,1650.45,1180.86,469.59,1899.8,3,4,3,0
20251201,2025-12,West,abrasives,e-shop,6,557,598.77,361.1,237.67,663.95,6,5,5,0
20251201,2025-12,West,abrasives,field-sales,2,43,47.21,28.17,19.04,49.22,1,2,1,0
20251201,2025-12,West,abrasives,phone,1,23,21.91,14.07,7.84,24.51,1,1,1,0
20251201,2025-12,West,chemicals,branch,2,17,99.56,57.13,42.43,101.58,1,2,1,0
20251201,2025-12,West,chemicals,e-shop,8,682,3784.03,2379.81,1404.22,4369.95,7,7,6,0
20251201,2025-12,West,chemicals,field-sales,1,21,105.96,68.24,37.72,125.4,1,1,1,0
20251201,2025-12,West,chemicals,phone,1,66,490.23,264.43,225.8,491.71,0,1,0,0
20251201,2025-12,West,fasteners,branch,4,220,186.01,115.55,70.46,195.94,4,4,4,0
20251201,2025-12,West,fasteners,e-shop,11,672,537.27,347.41,189.86,611.56,10,9,9,1
20251201,2025-12,West,fasteners,field-sales,10,727,587.93,370.16,217.77,631.85,10,10,10,3
20251201,2025-12,West,fasteners,phone,6,303,260.26,162.25,98.01,281.59,6,6,6,0
20251201,2025-12,West,hand tools,branch,2,465,9702.35,7754.62,1947.73,12194.55,2,2,2,0
20251201,2025-12,West,hand tools,e-shop,2,36,890.08,603.62,286.46,932.02,2,2,2,0
20251201,2025-12,West,hand tools,field-sales,4,84,1869.65,1353.76,515.89,2077.28,2,3,1,1
20251201,2025-12,West,hand tools,phone,1,92,2123.53,1456.4,667.13,2186.95,1,1,1,0
20251201,2025-12,West,power tools,branch,1,362,45609.1,39841.7,5767.4,56657.27,1,1,1,0
20251201,2025-12,West,power tools,e-shop,4,294,37734.01,28829.58,8904.43,40052.13,3,4,3,0
20251201,2025-12,West,power tools,field-sales,3,185,21627.8,17484.7,4143.1,24019.9,3,3,3,0
20251201,2025-12,West,power tools,phone,3,309,37612.76,30717.05,6895.71,41712.69,3,2,2,1
20251201,2025-12,West,ppe,branch,6,517,1472.9,1053.64,419.26,1675.81,5,6,5,0
20251201,2025-12,West,ppe,e-shop,1,52,175.09,111.41,63.68,187.66,1,1,1,0
20251201,2025-12,West,ppe,field-sales,6,591,1787.2,1279.72,507.48,2036.46,6,6,6,0
20251201,2025-12,West,ppe,phone,1,49,173.15,110.22,62.93,183.81,1,1,1,0
